股票代码,公司名称,营业总收入,营收同比增长率,净利润,净利润同比增长率,总资产,资产负债率,毛利率,净利率,员工人数,报告期
100,TCL科技,,,,,,,,,,
21,深科技,,,,,,,,,,
70,特发信息,,,,,,,,,,
536,华映科技,,,,,,,,,,
409,云鼎科技,,,,,,,,,,
538,云南白药,,,,,,,,,,
551,创元科技,,,,,,,,,,
555,神州信息,,,,,,,,,,
561,烽火电子,,,,,,,,,,
586,汇源通信,,,,,,,,,,
682,东方电子,,,,,,,,,,
700,模塑科技,,,,,,,,,,
707,双环科技,,,,,,,,,,
702,正虹科技,,,,,,,,,,
711,京蓝科技,,,,,,,,,,
727,冠捷科技,,,,,,,,,,
733,振华科技,,,,,,,,,,
777,中核科技,,,,,,,,,,
790,华神科技,,,,,,,,,,
807,云铝股份,,,,,,,,,,
810,创维数字,,,,,,,,,,
815,美利云,,,,,,,,,,
818,航锦科技,,,,,,,,,,
823,超声电子,,,,,,,,,,
878,云南铜业,,,,,,,,,,
901,航天科技,,,,,,,,,,
903,ST云动,,,,,,,,,,
920,沃顿科技,,,,,,,,,,
925,众合科技,,,,,,,,,,
930,中粮科技,,,,,,,,,,
948,南天信息,,,,,,,,,,
969,安泰科技,,,,,,,,,,
973,佛塑科技,,,,,,,,,,
977,浪潮信息,,,,,,,,,,
988,华工科技,,,,,,,,,,
1207,联科科技,,,,,,,,,,
1211,双枪科技,,,,,,,,,,
1229,魅视科技,,,,,,,,,,
1223,欧克科技,,,,,,,,,,
1231,农心科技,,,,,,,,,,
1237,惠康科技,,,,,,,,,,
1256,炜冈科技,,,,,,,,,,
1259,利仁科技,,,,,,,,,,
1266,宏英智能,,,,,,,,,,
1268,联合精密,,,,,,,,,,
1269,欧晶科技,,,,,,,,,,
1270,铖昌科技,,,,,,,,,,
1278,一彬科技,,,,,,,,,,
1283,豪鹏科技,,,,,,,,,,
1308,康冠科技,,,,,,,,,,
1306,夏厦精密,,,,,,,,,,
1301,尚太科技,,,,,,,,,,
1311,多利科技,,,,,,,,,,
1314,亿道信息,,,,,,,,,,
1324,长青科技,,,,,,,,,,
1336,楚环科技,,,,,,,,,,
1335,信凯科技,,,,,,,,,,
1339,智微智能,,,,,,,,,,
1365,天海电子,,,,,,,,,,
1379,腾达科技,,,,,,,,,,
1380,华纬科技,,,,,,,,,,
1388,信通电子,,,,,,,,,,
1389,广合科技,,,,,,,,,,
1396,誉帆科技,,,,,,,,,,
1400,江顺科技,,,,,,,,,,
2006,精工科技,,,,,,,,,,
2008,大族激光,,,,,,,,,,
2031,巨轮智能,,,,,,,,,,
2036,联创电子,,,,,,,,,,
2045,国光电器,,,,,,,,,,
2052,同洲电子,,,,,,,,,,
2053,云南能投,,,,,,,,,,
2059,云南旅游,,,,,,,,,,
2063,远光软件,,,,,,,,,,
2065,东华软件,,,,,,,,,,
2066,瑞泰科技,,,,,,,,,,
2080,中材科技,,,,,,,,,,
2090,金智科技,,,,,,,,,,
2093,国脉科技,,,,,,,,,,
2097,山河智能,,,,,,,,,,
2112,三变科技,,,,,,,,,,
2115,三维通信,,,,,,,,,,
2119,康强电子,,,,,,,,,,
2121,科陆电子,,,,,,,,,,
2123,梦网科技,,,,,,,,,,
2132,恒星科技,,,,,,,,,,
2138,顺络电子,,,,,,,,,,
2140,东华科技,,,,,,,,,,
2148,北纬科技,,,,,,,,,,
2153,石基信息,,,,,,,,,,
2157,正邦科技,,,,,,,,,,
2169,智光电气,,,,,,,,,,
2174,游族网络,,,,,,,,,,
2178,延华智能,,,,,,,,,,
2179,中航光电,,,,,,,,,,
2180,奔图科技,,,,,,,,,,
2185,华天科技,,,,,,,,,,
2190,成飞集成,,,,,,,,,,
2197,证通电子,,,,,,,,,,
2195,岩山科技,,,,,,,,,,
2199,东晶电子,,,,,,,,,,
2202,金风科技,,,,,,,,,,
2214,大立科技,,,,,,,,,,
2222,福晶科技,,,,,,,,,,
2238,天威视讯,,,,,,,,,,
2250,联化科技,,,,,,,,,,
2232,启明信息,,,,,,,,,,
2257,立立电子,,,,,,,,,,
2273,水晶光电,,,,,,,,,,
2261,拓维信息,,,,,,,,,,
2281,光迅科技,,,,,,,,,,
2289,宇顺电子,,,,,,,,,,
2279,久其软件,,,,,,,,,,
2291,遥望科技,,,,,,,,,,
2296,辉煌科技,,,,,,,,,,
2297,博云新材,,,,,,,,,,
2306,ST云网,,,,,,,,,,
2313,日海智能,,,,,,,,,,
2315,焦点科技,,,,,,,,,,
2331,皖通科技,,,,,,,,,,
2326,永太科技,,,,,,,,,,
2335,科华数据,,,,,,,,,,
2337,赛象科技,,,,,,,,,,
2338,奥普光电,,,,,,,,,,
2339,积成电子,,,,,,,,,,
2362,汉王科技,,,,,,,,,,
2369,卓翼科技,,,,,,,,,,
2384,东山精密,,,,,,,,,,
2409,雅克科技,,,,,,,,,,
2373,千方科技,,,,,,,,,,
2420,毅昌科技,,,,,,,,,,
2426,胜利精密,,,,,,,,,,
2421,达实智能,,,,,,,,,,
2428,云南锗业,,,,,,,,,,
2436,兴森科技,,,,,,,,,,
2442,龙星科技,,,,,,,,,,
2444,巨星科技,,,,,,,,,,
2446,盛路通信,,,,,,,,,,
2449,国星光电,,,,,,,,,,
2453,华软科技,,,,,,,,,,
2459,晶澳科技,,,,,,,,,,
2465,海格通信,,,,,,,,,,
2474,榕基软件,,,,,,,,,,
2475,立讯精密,,,,,,,,,,
2491,通鼎互联,,,,,,,,,,
2517,恺英网络,,,,,,,,,,
2516,旷达科技,,,,,,,,,,
2506,协鑫集成,,,,,,,,,,
2519,银河电子,,,,,,,,,,
2539,云图控股,,,,,,,,,,
2530,金财互联,,,,,,,,,,
2540,亚太科技,,,,,,,,,,
2544,普天科技,,,,,,,,,,
2546,新联电子,,,,,,,,,,
2558,巨人网络,,,,,,,,,,
2562,兄弟科技,,,,,,,,,,
2552,宝鼎科技,,,,,,,,,,
2564,天沃科技,,,,,,,,,,
2577,雷柏科技,,,,,,,,,,
2579,中京电子,,,,,,,,,,
2587,奥拓电子,,,,,,,,,,
2590,万安科技,,,,,,,,,,
2595,豪迈科技,,,,,,,,,,
2617,露笑科技,,,,,,,,,,
2605,姚记科技,,,,,,,,,,
2609,捷顺科技,,,,,,,,,,
2625,光启技术,,,,,,,,,,
2637,赞宇科技,,,,,,,,,,
2635,安洁科技,,,,,,,,,,
2642,荣联科技,,,,,,,,,,
2645,华宏科技,,,,,,,,,,
2649,博彦科技,,,,,,,,,,
2654,万润科技,,,,,,,,,,
2674,兴业科技,,,,,,,,,,
2681,奋达科技,,,,,,,,,,
2715,登云股份,,,,,,,,,,
2690,美亚光电,,,,,,,,,,
2729,好利科技,,,,,,,,,,
2741,光华科技,,,,,,,,,,
2730,电光科技,,,,,,,,,,
2765,蓝黛科技,,,,,,,,,,
2767,先锋电子,,,,,,,,,,
2796,世嘉科技,,,,,,,,,,
2779,中坚科技,,,,,,,,,,
2815,崇达技术,,,,,,,,,,
2813,路畅科技,,,,,,,,,,
2823,凯中精密,,,,,,,,,,
2831,裕同科技,,,,,,,,,,
2849,威星智能,,,,,,,,,,
2855,捷荣技术,,,,,,,,,,
2859,洁美科技,,,,,,,,,,
2866,传艺科技,,,,,,,,,,
2869,金溢科技,,,,,,,,,,
2877,智能自控,,,,,,,,,,
2879,长缆科技,,,,,,,,,,
2881,美格智能,,,,,,,,,,
2888,惠威科技,,,,,,,,,,
2908,德生科技,,,,,,,,,,
2916,深南电路,,,,,,,,,,
2921,联诚精密,,,,,,,,,,
2925,盈趣科技,,,,,,,,,,
2935,天奥电子,,,,,,,,,,
2937,兴瑞科技,,,,,,,,,,
2951,金时科技,,,,,,,,,,
2952,亚世光电,,,,,,,,,,
2955,鸿合科技,,,,,,,,,,
2957,科瑞技术,,,,,,,,,,
2962,五方光电,,,,,,,,,,
2965,祥鑫科技,,,,,,,,,,
2970,锐明技术,,,,,,,,,,
2976,瑞玛精密,,,,,,,,,,
2979,雷赛智能,,,,,,,,,,
2981,朝阳科技,,,,,,,,,,
2990,盛视科技,,,,,,,,,,
2992,宝明科技,,,,,,,,,,
2993,奥海科技,,,,,,,,,,
3007,直真科技,,,,,,,,,,
3015,日久光电,,,,,,,,,,
3018,金富科技,,,,,,,,,,
3019,宸展光电,,,,,,,,,,
3025,思进智能,,,,,,,,,,
3026,中晶科技,,,,,,,,,,
3027,同兴科技,,,,,,,,,,
3028,振邦智能,,,,,,,,,,
3031,中瓷电子,,,,,,,,,,
3043,华亚智能,,,,,,,,,,
300007,汉威科技,,-15.61%,,46.08%,,38.80%,34.06%,3.45%,,一季报
300011,鼎汉技术,,-5.38%,,-0.51%,,59.97%,27.60%,-5.65%,,一季报
300017,网宿科技,,-9.66%,,-37.06%,,11.95%,37.08%,10.83%,,一季报
300019,硅宝科技,,8.27%,,-35.12%,,30.88%,17.82%,5.46%,,一季报
300022,吉峰科技,,5.20%,,-3.14%,,64.48%,10.17%,1.67%,,一季报
300031,宝通科技,,25.47%,,102.86%,,33.06%,38.72%,9.45%,,一季报
300036,超图软件,,-20.89%,,3.54%,,30.26%,60.88%,-22.93%,,一季报
300042,朗科科技,,107.84%,,744.43%,,34.18%,25.25%,16.81%,,一季报
300051,琏升科技,,-49.15%,,10.76%,,83.61%,-49.06%,-126.64%,,一季报
300061,旗天科技,,6.18%,,264.52%,,58.71%,29.56%,7.88%,,一季报
300073,当升科技,,137.19%,,150.25%,,36.10%,15.46%,6.63%,,一季报
300075,数字政通,,5.24%,,54.26%,,16.15%,42.92%,5.51%,,一季报
300077,国民技术,,29.86%,,26.34%,,61.12%,17.03%,-4.13%,,一季报
300079,数码视讯,,-7.32%,,32.62%,,7.51%,56.42%,8.46%,,一季报
300084,海默科技,,-46.81%,,12.13%,,16.91%,40.40%,-39.62%,,一季报
300088,长信科技,,-11.78%,,-39.88%,,50.43%,9.46%,2.05%,,一季报
300097,智云股份,,-47.67%,,39.87%,,68.60%,9.08%,-117.72%,,一季报
300101,振芯科技,,-26.62%,,-147.72%,,36.29%,58.75%,-8.74%,,一季报
300102,乾照光电,,-47.27%,,6.59%,,32.00%,18.30%,7.24%,,一季报
300105,龙源技术,,-34.78%,,-70.56%,,28.14%,40.99%,11.16%,,一季报
300115,长盈精密,,16.74%,,-28.39%,,65.32%,18.54%,2.47%,,一季报
300113,顺网科技,,-50.77%,,9.56%,,12.86%,69.00%,30.95%,,一季报
300124,汇川技术,,12.98%,,-23.39%,,45.55%,29.08%,10.08%,,一季报
300128,锦富技术,,25.11%,,-9.87%,,88.61%,6.89%,-11.75%,,一季报
300134,大富科技,,11.90%,,3.93%,,32.10%,11.54%,-8.61%,,一季报
300136,信维通信,,14.31%,,35.35%,,43.24%,21.77%,5.26%,,一季报
300139,晓程科技,,74.46%,,307.96%,,19.98%,66.44%,41.93%,,一季报
300151,昌红科技,,-3.85%,,-4.41%,,35.88%,28.71%,5.30%,,一季报
300162,雷曼光电,,-12.27%,,-716.92%,,43.37%,23.67%,-6.60%,,一季报
300168,万达信息,,10.40%,,73.88%,,81.44%,26.09%,-7.91%,,一季报
300170,汉得信息,,6.39%,,10.69%,,15.67%,34.87%,4.40%,,一季报
300176,鸿特科技,,-1.44%,,-13.05%,,62.82%,14.34%,1.63%,,一季报
300184,力源信息,,52.01%,,240.58%,,43.43%,10.86%,4.84%,,一季报
300188,国投智能,,-23.58%,,-20.19%,,36.57%,36.89%,-97.46%,,一季报
300193,佳士科技,,13.85%,,-45.38%,,25.61%,26.79%,7.95%,,一季报
300203,聚光科技,,-25.00%,,-254.06%,,67.67%,38.62%,-21.32%,,一季报
300209,行云科技,,397.86%,,-12845.40%,,41.70%,7.08%,-19.54%,,一季报
300220,金运激光,,-10.36%,,-196.18%,,74.00%,26.77%,-4.54%,,一季报
300221,银禧科技,,13.22%,,114.45%,,36.72%,21.23%,6.73%,,一季报
300222,科大智能,,-9.68%,,29.43%,,58.82%,26.81%,4.28%,,一季报
300231,银信科技,,-16.21%,,-42.14%,,32.77%,15.18%,3.29%,,一季报
300232,洲明科技,,-11.17%,,-252.00%,,54.00%,23.27%,-6.18%,,一季报
300235,方直科技,,-20.58%,,-68.27%,,2.28%,82.84%,10.88%,,一季报
300242,佳云科技,,-58.07%,,54.07%,,32.88%,11.80%,-2.93%,,一季报
300241,瑞丰光电,,23.61%,,5.78%,,39.80%,20.27%,6.69%,,一季报
300250,初灵信息,,-11.70%,,-8612.83%,,27.14%,40.41%,-5.16%,,一季报
300256,星星科技,,-12.30%,,-154.25%,,48.15%,7.64%,-6.62%,,一季报
300258,精锻科技,,-12.68%,,-92.69%,,37.65%,23.69%,0.67%,,一季报
300259,新天科技,,25.97%,,-28.58%,,16.77%,43.78%,10.89%,,一季报
300264,佳创视讯,,-67.24%,,-304.98%,,96.53%,31.47%,-21.67%,,一季报
300263,隆华科技,,29.74%,,43.36%,,40.94%,18.45%,7.90%,,一季报
300269,联建光电,,-32.96%,,-285.40%,,86.72%,24.46%,-24.39%,,一季报
300270,中威电子,,32.70%,,114.68%,,29.95%,39.97%,9.00%,,一季报
300271,华宇软件,,-29.09%,,-23.87%,,20.64%,36.76%,-36.83%,,一季报
300274,阳光电源,,-18.26%,,-40.12%,,57.51%,33.26%,14.43%,,一季报
300277,汽轮科技,,18.19%,,105.50%,,42.94%,26.29%,10.32%,,一季报
300276,三丰智能,,-24.37%,,-311.78%,,61.19%,11.45%,-5.13%,,一季报
300279,和晶科技,,-14.93%,,-73.19%,,41.62%,14.78%,2.61%,,一季报
300288,朗玛信息,,-10.21%,,-164.15%,,17.04%,15.91%,-10.60%,,一季报
300302,同有科技,,156.12%,,431.25%,,40.95%,48.02%,71.63%,,一季报
300303,聚飞光电,,-4.44%,,-27.68%,,38.57%,20.66%,6.56%,,一季报
300304,云意电气,,-6.64%,,-27.67%,,24.37%,32.47%,16.56%,,一季报
300306,远方信息,,-9.42%,,-8.37%,,5.08%,69.85%,14.63%,,一季报
300315,掌趣科技,,14.07%,,94.15%,,7.35%,77.14%,29.26%,,一季报
300323,华灿光电,,109.74%,,151.90%,,53.16%,11.27%,2.28%,,一季报
300319,麦捷科技,,10.71%,,-24.38%,,32.16%,15.40%,5.51%,,一季报
300324,旋极信息,,-44.48%,,48.47%,,49.67%,23.10%,-14.25%,,一季报
300327,中颖电子,,2.42%,,31.66%,,15.23%,31.73%,4.27%,,一季报
300328,宜安科技,,9.29%,,-214.34%,,62.52%,9.59%,-7.57%,,一季报
300333,兆日科技,,-6.21%,,-262.55%,,2.39%,51.76%,-4.85%,,一季报
300334,津膜科技,,81.24%,,30.75%,,45.91%,24.82%,2.56%,,一季报
300339,润和软件,,10.21%,,147.62%,,37.97%,22.47%,7.91%,,一季报
300346,南大光电,,5.45%,,29.97%,,33.87%,41.86%,22.97%,,一季报
300349,金卡智能,,-13.23%,,-32.00%,,39.31%,35.60%,4.88%,,一季报
300348,长亮科技,,16.19%,,-1383.00%,,27.19%,26.29%,-11.11%,,一季报
300353,东土科技,,-28.34%,,20.69%,,46.95%,40.58%,-40.98%,,一季报
300358,楚天科技,,2.40%,,892.43%,,56.98%,37.55%,5.79%,,一季报
300360,炬华科技,,-31.59%,,-45.51%,,15.81%,40.97%,32.26%,,一季报
300365,恒华科技,,-63.55%,,-424.20%,,18.67%,20.75%,-14.94%,,一季报
300369,绿盟科技,,0.25%,,3.62%,,43.63%,44.60%,-26.98%,,一季报
300370,安控科技,,10.56%,,-1.96%,,60.15%,21.89%,-57.09%,,一季报
300373,扬杰科技,,34.87%,,41.01%,,39.43%,36.81%,17.81%,,一季报
300387,富邦科技,,11.80%,,15.03%,,27.20%,26.59%,8.16%,,一季报
300380,安硕信息,,12.41%,,442.37%,,57.87%,32.32%,4.18%,,一季报
300394,天孚通信,,40.82%,,45.79%,,14.25%,56.60%,37.01%,,一季报
300409,道氏技术,,27.11%,,146.18%,,39.88%,23.41%,5.38%,,一季报
300399,天利科技,,9.62%,,-84.34%,,31.86%,9.24%,1.22%,,一季报
300410,正业科技,,37.85%,,34.63%,,82.80%,25.36%,5.77%,,一季报
300412,迦南科技,,-47.31%,,-86.82%,,57.42%,24.68%,-8.44%,,一季报
300423,昇辉科技,,-35.92%,,-83.70%,,52.12%,9.95%,-24.31%,,一季报
300424,航新科技,,44.42%,,216.25%,,69.18%,26.63%,5.50%,,一季报
300440,运达科技,,-45.82%,,-32.29%,,25.99%,46.64%,-34.82%,,一季报
300433,蓝思科技,,-17.13%,,-134.88%,,33.90%,14.55%,-1.02%,,一季报
300442,润泽科技,,53.55%,,35.35%,,64.97%,46.80%,31.84%,,一季报
300448,浩云科技,,-27.83%,,122.49%,,4.84%,34.04%,-1.87%,,一季报
300450,先导智能,,19.11%,,10.99%,,61.64%,33.61%,10.55%,,一季报
300456,赛微电子,,-62.67%,,-1958.32%,,21.32%,16.51%,-62.94%,,一季报
300457,赢合科技,,53.14%,,308.19%,,65.35%,18.13%,3.64%,,一季报
300458,全志科技,,47.12%,,121.77%,,18.73%,40.21%,22.26%,,一季报
300469,信息发展,,-35.56%,,-58.25%,,70.62%,-7.81%,-146.55%,,一季报
300466,赛摩智能,,15.16%,,146.93%,,36.00%,42.91%,4.31%,,一季报
300467,迅游科技,,-0.63%,,-6.50%,,19.46%,60.78%,11.56%,,一季报
300476,胜宏科技,,27.99%,,39.95%,,55.23%,34.46%,23.34%,,一季报
300480,光力科技,,35.20%,,76.65%,,17.46%,49.56%,14.77%,,一季报
300479,神思电子,,-31.08%,,-20.38%,,63.75%,25.68%,-64.42%,,一季报
300486,东杰智能,,23.38%,,114.76%,,44.60%,12.31%,2.77%,,一季报
300487,蓝晓科技,,5.24%,,-5.81%,,31.57%,55.48%,29.99%,,一季报
300489,光智科技,,20.49%,,60.81%,,78.08%,30.14%,4.24%,,一季报
300490,华自科技,,186.31%,,215.81%,,68.68%,25.45%,8.14%,,一季报
300491,通合科技,,40.19%,,95.26%,,52.33%,20.28%,-0.11%,,一季报
300493,润欣科技,,1.38%,,32.69%,,37.29%,10.00%,2.80%,,一季报
300515,三德科技,,18.17%,,18.03%,,33.40%,58.68%,26.24%,,一季报
300513,恒实科技,,46.18%,,15.55%,,77.60%,18.01%,-15.52%,,一季报
300494,盛天网络,,-11.21%,,-82.49%,,9.33%,13.57%,1.59%,,一季报
300522,世名科技,,-4.41%,,-60.73%,,24.37%,25.26%,1.41%,,一季报
300525,博思软件,,0.95%,,1.72%,,30.08%,60.04%,-28.80%,,一季报
300523,辰安科技,,11.19%,,12.33%,,68.85%,36.06%,-11.16%,,一季报
300530,领湃科技,,14.01%,,-19.72%,,90.77%,12.31%,-62.77%,,一季报
300539,横河精密,,-1.50%,,-10.58%,,25.21%,19.15%,5.05%,,一季报
300533,冰川网络,,-5.01%,,-105.17%,,44.92%,93.22%,-2.13%,,一季报
300542,新晨科技,,26.58%,,-177.25%,,58.83%,16.06%,-10.68%,,一季报
300543,朗科智能,,-4.48%,,-182.87%,,30.17%,15.44%,-2.21%,,一季报
300546,雄帝科技,,9.44%,,-109.48%,,20.52%,45.41%,-34.78%,,一季报
300547,川环科技,,-12.56%,,-14.96%,,21.12%,23.54%,14.30%,,一季报
300549,优德精密,,-9.94%,,-78.77%,,20.66%,27.89%,0.92%,,一季报
300550,和仁科技,,-3.04%,,-138.95%,,17.80%,34.29%,-9.76%,,一季报
300551,古鳌科技,,-45.69%,,31.71%,,35.29%,15.60%,-267.81%,,一季报
300552,万集科技,,25.34%,,49.14%,,34.18%,29.14%,-11.03%,,一季报
300561,汇金科技,,-1.16%,,-309.78%,,10.24%,40.49%,-21.80%,,一季报
300565,科信技术,,-1.50%,,28.85%,,63.83%,22.61%,-10.61%,,一季报
300566,激智科技,,5.52%,,-3.21%,,36.42%,26.36%,11.54%,,一季报
300567,精测电子,,7.26%,,13.61%,,53.31%,45.44%,4.14%,,一季报
300571,平治信息,,15.00%,,-53.61%,,77.06%,10.19%,1.09%,,一季报
300578,会畅科技,,-21.59%,,-281.48%,,10.96%,30.43%,-13.62%,,一季报
300579,数字认证,,8.62%,,51.59%,,45.62%,52.80%,-6.02%,,一季报
300585,奥联电子,,-19.91%,,-210.51%,,25.80%,16.39%,-7.72%,,一季报
300587,天铁科技,,-0.83%,,76.58%,,63.26%,41.18%,5.00%,,一季报
300588,熙菱信息,,-33.23%,,-43.72%,,54.18%,27.57%,-82.34%,,一季报
300590,移为通信,,99.27%,,430.64%,,14.75%,40.81%,16.56%,,一季报
300597,吉大通信,,8.98%,,-59.19%,,38.91%,15.55%,-5.22%,,一季报
300598,诚迈科技,,2.14%,,19.39%,,48.75%,10.66%,-7.64%,,一季报
300599,雄塑科技,,-0.58%,,68902.02%,,12.31%,13.07%,14.82%,,一季报
300600,国瑞科技,,14.90%,,7.99%,,14.91%,23.64%,-6.57%,,一季报
300603,立昂技术,,-20.29%,,-34.81%,,39.05%,7.03%,-21.76%,,一季报
300604,长川科技,,69.09%,,217.60%,,49.42%,56.81%,26.05%,,一季报
300605,恒锋信息,,-0.76%,,-5859.02%,,64.65%,9.05%,-19.47%,,一季报
300609,汇纳科技,,29.03%,,-666.58%,,22.92%,31.66%,-32.21%,,一季报
300611,美力科技,,7.17%,,-49.04%,,73.09%,23.59%,4.24%,,一季报
300615,欣天科技,,79.40%,,-789.84%,,48.83%,19.90%,-29.56%,,一季报
300620,光库科技,,60.80%,,312.52%,,42.00%,36.63%,9.91%,,一季报
300624,万兴科技,,-2.87%,,-46.23%,,37.42%,87.66%,-12.95%,,一季报
300628,亿联网络,,18.83%,,16.68%,,7.58%,65.24%,45.79%,,一季报
300648,星云股份,,4.86%,,-298.79%,,57.98%,34.23%,-6.73%,,一季报
300656,民德电子,,21.31%,,-178.49%,,59.48%,29.12%,-76.32%,,一季报
300657,弘信电子,,1.85%,,457.57%,,78.96%,12.70%,3.48%,,一季报
300659,中孚信息,,-31.17%,,7.67%,,30.66%,80.10%,-136.39%,,一季报
300663,科蓝软件,,-40.66%,,-391.27%,,78.23%,19.33%,-27.57%,,一季报
300666,江丰电子,,30.49%,,33.42%,,57.69%,32.86%,14.14%,,一季报
300667,必创科技,,4.09%,,91.93%,,24.71%,34.88%,-0.95%,,一季报
300670,大烨智能,,-22.27%,,45.93%,,74.82%,15.73%,-17.64%,,一季报
300674,宇信科技,,-4.32%,,-21.58%,,26.64%,33.50%,8.40%,,一季报
300678,中科信息,,123.31%,,45.51%,,30.61%,11.15%,3.97%,,一季报
300679,电连技术,,-0.39%,,-29.32%,,30.70%,28.30%,7.48%,,一季报
300680,隆盛科技,,-4.09%,,-0.89%,,47.92%,17.27%,10.70%,,一季报
300682,朗新科技,,3.98%,,-1574.78%,,27.14%,50.57%,-8.04%,,一季报
300684,中石科技,,11.55%,,4.94%,,14.83%,34.00%,16.05%,,一季报
300687,赛意信息,,-1.31%,,28.74%,,32.47%,32.37%,6.10%,,一季报
300690,双一科技,,18.42%,,-29.81%,,22.05%,28.07%,9.27%,,一季报
300691,联合光电,,22.72%,,83.89%,,46.09%,24.12%,-0.73%,,一季报
300692,中赋科技,,12.79%,,-13.35%,,50.33%,42.51%,9.04%,,一季报
300698,万马科技,,11.88%,,21.00%,,53.12%,27.81%,3.62%,,一季报
300709,精研科技,,21.92%,,-184.18%,,44.61%,18.02%,-8.35%,,一季报
300708,聚灿光电,,-42.71%,,-51.83%,,43.35%,16.79%,7.06%,,一季报
300710,万隆光电,,-19.26%,,-143.10%,,18.10%,29.33%,-21.66%,,一季报
300720,海川智能,,23.85%,,-2.90%,,9.06%,52.46%,12.41%,,一季报
300711,广哈通信,,37.01%,,-192.02%,,22.48%,50.54%,-10.68%,,一季报
300725,药石科技,,11.65%,,36.59%,,13.95%,32.14%,9.62%,,一季报
300726,宏达电子,,11.68%,,70.77%,,8.60%,60.00%,31.05%,,一季报
300730,科创信息,,-5.27%,,50.66%,,70.36%,14.68%,-86.96%,,一季报
300735,光弘科技,,85.86%,,-51.91%,,40.25%,9.69%,1.10%,,一季报
300736,百邦科技,,-17.06%,,-0.04%,,43.96%,8.93%,-5.15%,,一季报
300738,奥飞数据,,31.15%,,79.19%,,74.74%,34.51%,13.68%,,一季报
300739,明阳电路,,23.37%,,21.73%,,25.20%,23.76%,2.83%,,一季报
300745,欣锐科技,,32.47%,,115.70%,,49.90%,13.87%,0.86%,,一季报
300747,锐科激光,,20.06%,,147.04%,,32.39%,22.05%,5.03%,,一季报
300752,隆利科技,,7.93%,,-49.08%,,44.80%,15.44%,4.24%,,一季报
300763,锦浪科技,,-6.51%,,-68.59%,,51.94%,33.55%,4.31%,,一季报
300767,震安科技,,-43.65%,,73.40%,,27.18%,26.37%,-3.89%,,一季报
300768,迪普科技,,-6.71%,,50.35%,,12.85%,62.23%,17.67%,,一季报
300771,智莱科技,,20.02%,,132.20%,,18.39%,26.52%,13.20%,,一季报
300776,帝尔激光,,-24.68%,,0.33%,,39.49%,47.49%,38.73%,,一季报
300777,中简科技,,-54.60%,,-83.16%,,7.79%,70.62%,17.09%,,一季报
300784,利安科技,,-3.80%,,-46.74%,,14.78%,26.06%,6.82%,,一季报
300793,佳禾智能,,-1.54%,,-154.95%,,30.17%,8.34%,-1.81%,,一季报
300786,国林科技,,16.80%,,179.05%,,36.53%,17.71%,3.50%,,一季报
300800,力合科技,,12.47%,,28.07%,,18.39%,35.07%,8.65%,,一季报
300802,矩子科技,,11.92%,,1.02%,,19.53%,34.78%,15.90%,,一季报
300801,泰和科技,,11.66%,,202.43%,,17.44%,19.20%,11.78%,,一季报
300807,天迈科技,,-49.65%,,-872.86%,,22.30%,41.48%,-55.70%,,一季报
300823,建科智能,,36.48%,,542.13%,,26.40%,48.15%,15.22%,,一季报
300814,中富电路,,37.81%,,89.32%,,49.50%,27.06%,3.63%,,一季报
300828,锐新科技,,10.69%,,-44.55%,,14.30%,15.60%,4.14%,,一季报
300835,龙磁科技,,30.43%,,-3.11%,,50.63%,24.83%,8.02%,,一季报
300836,佰奥智能,,25.82%,,-24.73%,,50.51%,26.21%,6.96%,,一季报
300829,金丹科技,,13.40%,,-23.03%,,35.06%,19.10%,7.54%,,一季报
300840,酷特智能,,4.28%,,-19.38%,,16.47%,42.57%,7.58%,,一季报
300853,申昊科技,,258.70%,,19.21%,,59.25%,7.39%,-72.21%,,一季报
300857,协创数据,,192.90%,,343.45%,,85.89%,22.53%,12.28%,,一季报
300862,蓝盾光电,,-13.20%,,-271.99%,,16.09%,27.80%,-11.80%,,一季报
300872,天阳科技,,-8.42%,,-70.54%,,25.94%,25.95%,1.04%,,一季报
300880,迦南智能,,7.76%,,-27.41%,,31.05%,21.50%,7.40%,,一季报
300882,万胜智能,,12.39%,,-39.25%,,33.72%,28.10%,8.44%,,一季报
300891,惠云钛业,,1.62%,,-174.15%,,58.37%,8.97%,-1.37%,,一季报
300895,铜牛信息,,12.23%,,29.79%,,15.50%,-4.92%,-30.69%,,一季报
300897,山科智能,,-19.67%,,-28.09%,,25.24%,42.70%,7.49%,,一季报
300907,康平科技,,91.05%,,-27.33%,,63.65%,18.46%,5.31%,,一季报
300911,亿田智能,,-62.13%,,16.97%,,45.98%,-38.47%,-162.38%,,一季报
300915,海融科技,,13.09%,,153.72%,,15.26%,30.06%,6.69%,,一季报
300916,朗特智能,,-10.47%,,-96.04%,,44.14%,13.80%,0.07%,,一季报
300921,南凌科技,,5.06%,,257.33%,,12.70%,35.53%,8.62%,,一季报
300920,润阳科技,,-7.36%,,-36.34%,,26.46%,29.69%,3.24%,,一季报
300925,法本信息,,29.64%,,-18.28%,,29.64%,16.41%,1.61%,,一季报
300926,博俊科技,,-8.34%,,-13.37%,,60.56%,24.99%,12.83%,,一季报
300936,中英科技,,52.83%,,-871.69%,,11.84%,13.71%,-2.47%,,一季报
300941,创识科技,,28.99%,,-92.50%,,6.36%,34.11%,-1.61%,,一季报
300951,博硕科技,,8.88%,,-137.80%,,21.18%,25.10%,-8.65%,,一季报
300952,恒辉安防,,-4.15%,,-75.87%,,39.77%,20.36%,2.21%,,一季报
300953,震裕科技,,65.61%,,286.75%,,65.74%,15.81%,9.48%,,一季报
300960,通业科技,,-24.06%,,-334.32%,,42.41%,35.41%,-23.12%,,一季报
300968,格林精密,,46.14%,,-300.98%,,18.28%,11.08%,-14.85%,,一季报
300964,本川智能,,38.06%,,15.46%,,37.09%,19.26%,4.99%,,一季报
300975,商络电子,,106.11%,,600.35%,,72.67%,16.49%,6.95%,,一季报
300976,达瑞电子,,21.75%,,25.80%,,16.84%,27.62%,9.34%,,一季报
300978,东箭科技,,-14.72%,,-35.66%,,35.53%,29.00%,8.72%,,一季报
300993,玉马科技,,22.82%,,-7.69%,,8.03%,35.66%,15.03%,,一季报
301000,肇民科技,,-4.24%,,-26.57%,,13.36%,31.95%,14.79%,,一季报
300996,普联软件,,8.21%,,142.18%,,25.17%,32.28%,7.40%,,一季报
301003,江苏博云,,-15.19%,,-44.53%,,7.62%,29.76%,14.12%,,一季报
301008,宏昌科技,,-5.42%,,-87.96%,,31.50%,11.46%,0.39%,,一季报
301011,华立科技,,-17.27%,,-191.71%,,37.66%,19.48%,-6.89%,,一季报
301012,扬电科技,,18.69%,,36.09%,,42.03%,14.72%,5.26%,,一季报
301020,密封科技,,7.38%,,11.89%,,23.85%,31.02%,18.39%,,一季报
301021,英诺激光,,35.45%,,267.41%,,14.98%,49.13%,9.16%,,一季报
301026,浩通科技,,150.13%,,159.16%,,58.52%,5.31%,3.57%,,一季报
301045,天禄科技,,-9.42%,,76.45%,,19.64%,29.08%,6.79%,,一季报
301046,能辉科技,,-53.00%,,-184.08%,,31.56%,16.10%,-3.31%,,一季报
301049,超越科技,,-35.70%,,38.74%,,53.38%,-30.46%,-58.79%,,一季报
301051,信濠光电,,-29.03%,,48.08%,,44.82%,2.07%,-19.95%,,一季报
301065,本立科技,,-0.01%,,-30.54%,,14.82%,19.70%,6.54%,,一季报
301067,显盈科技,,-24.10%,,-225.87%,,28.26%,17.99%,-4.94%,,一季报
301083,百胜智能,,5.69%,,2.33%,,23.37%,21.31%,6.04%,,一季报
301099,雅创电子,,63.58%,,642.29%,,66.90%,11.85%,3.80%,,一季报
301106,骏成科技,,12.96%,,-67.49%,,22.39%,14.40%,3.68%,,一季报
301107,瑜欣电子,,-3.52%,,-54.00%,,23.01%,20.95%,6.34%,,一季报
301110,青木科技,,25.07%,,320.54%,,16.46%,54.65%,12.32%,,一季报
301112,信邦智能,,-21.42%,,-85.14%,,26.07%,27.64%,2.92%,,一季报
301113,雅艺科技,,-17.85%,,-205.19%,,4.84%,34.61%,-5.88%,,一季报
301115,联检科技,,-9.95%,,-820.58%,,30.72%,26.43%,-13.11%,,一季报
301121,紫建电子,,42.63%,,-279.13%,,47.29%,25.45%,2.65%,,一季报
301123,奕东电子,,38.30%,,254.66%,,30.02%,22.06%,2.56%,,一季报
301128,强瑞技术,,62.92%,,22.84%,,55.60%,32.13%,6.31%,,一季报
301129,瑞纳智能,,36.12%,,0.07%,,13.38%,52.38%,-130.48%,,一季报
301132,满坤科技,,19.38%,,-35.71%,,37.02%,17.86%,4.46%,,一季报
301135,瑞德智能,,6.74%,,-154.98%,,40.46%,14.75%,-1.02%,,一季报
301148,嘉戎技术,,-3.76%,,-85.10%,,20.54%,30.25%,2.05%,,一季报
301150,中一科技,,43.94%,,2297.11%,,51.43%,8.91%,3.94%,,一季报
301157,华塑科技,,28.99%,,26.13%,,14.78%,29.81%,16.19%,,一季报
301165,锐捷网络,,18.26%,,14.59%,,47.64%,35.70%,4.10%,,一季报
301179,泽宇智能,,11.54%,,110.17%,,30.72%,29.93%,12.91%,,一季报
301170,锡南科技,,11.37%,,-9.40%,,8.26%,19.35%,8.00%,,一季报
301180,万祥科技,,25.04%,,-126.57%,,32.42%,11.80%,-0.30%,,一季报
301182,凯旺科技,,59.45%,,6.99%,,61.23%,0.99%,-16.46%,,一季报
301185,鸥玛软件,,-23.45%,,-60.76%,,3.65%,73.20%,16.31%,,一季报
301189,奥尼电子,,164.51%,,160.25%,,38.84%,26.33%,4.94%,,一季报
301193,家联科技,,48.89%,,-295.10%,,72.15%,11.55%,-13.91%,,一季报
301190,善水科技,,61.34%,,126.28%,,9.57%,32.59%,18.42%,,一季报
301196,唯科科技,,13.10%,,-7.80%,,20.36%,29.41%,11.98%,,一季报
301205,联特科技,,-9.56%,,-83.71%,,46.85%,43.44%,1.43%,,一季报
301208,中亦科技,,35.16%,,-41.22%,,20.40%,26.48%,3.05%,,一季报
301210,金杨精密,,67.03%,,172.67%,,39.22%,13.41%,5.44%,,一季报
301213,观想科技,,69.74%,,515.70%,,16.26%,68.60%,21.78%,,一季报
301218,华是科技,,-71.54%,,-50.95%,,40.45%,15.39%,-10.13%,,一季报
301221,光庭信息,,21.67%,,-114.61%,,13.99%,34.95%,-2.20%,,一季报
301226,祥明智能,,2.51%,,-86.43%,,14.97%,20.78%,0.18%,,一季报
301232,飞沃科技,,32.19%,,269.18%,,69.88%,15.91%,0.57%,,一季报
301237,和顺科技,,34.91%,,113.17%,,34.27%,11.50%,0.54%,,一季报
301248,杰创智能,,-12.98%,,-204.34%,,73.77%,37.06%,-9.82%,,一季报
301252,同星科技,,16.29%,,-38.55%,,30.28%,16.49%,6.29%,,一季报
301255,通力科技,,18.78%,,-36.76%,,30.88%,21.15%,4.32%,,一季报
301261,恒工精密,,34.14%,,210.56%,,34.66%,21.57%,19.44%,,一季报
301265,华新科技,,51.43%,,196.03%,,22.02%,28.59%,13.94%,,一季报
301275,汉朔科技,,50.44%,,20.68%,,42.95%,30.25%,12.24%,,一季报
301278,快可电子,,12.94%,,-45.23%,,32.14%,11.48%,2.19%,,一季报
301279,金道科技,,11.92%,,4.12%,,20.57%,17.64%,7.73%,,一季报
301280,珠城科技,,23.85%,,4.58%,,37.35%,24.29%,10.67%,,一季报
301295,美硕科技,,20.96%,,147.27%,,32.21%,21.63%,8.95%,,一季报
301282,金禄电子,,33.32%,,-42.64%,,48.92%,12.86%,1.36%,,一季报
301302,华如科技,,223.71%,,58.37%,,16.45%,37.81%,-13.48%,,一季报
301311,昆船智能,,-31.16%,,-61.19%,,55.64%,5.21%,-7.88%,,一季报
301305,朗坤科技,,21.85%,,21.44%,,38.42%,35.98%,19.26%,,一季报
301316,慧博云通,,21.61%,,84.11%,,36.42%,17.67%,0.97%,,一季报
301320,豪江智能,,22.68%,,-87.28%,,35.66%,22.64%,0.80%,,一季报
301322,绿通科技,,33.70%,,-109.94%,,23.48%,25.13%,-0.54%,,一季报
301326,捷邦科技,,86.33%,,-32.79%,,46.18%,28.47%,-1.90%,,一季报
301328,维峰电子,,18.50%,,-27.00%,,8.61%,36.82%,11.97%,,一季报
301329,信音电子,,45.27%,,106.66%,,22.58%,22.03%,10.15%,,一季报
301330,熵基科技,,9.00%,,-57.08%,,26.08%,52.35%,4.80%,,一季报
301336,趣睡科技,,-42.77%,,-15.75%,,9.15%,30.30%,18.76%,,一季报
301348,蓝箭电子,,26.64%,,-10.22%,,26.93%,-0.06%,-4.57%,,一季报
301337,亚华电子,,-2.63%,,-47.74%,,13.17%,39.10%,-24.84%,,一季报
301355,南王科技,,21.78%,,-73.39%,,41.41%,14.38%,0.93%,,一季报
301359,东南电子,,0.73%,,-53.43%,,9.85%,19.15%,7.32%,,一季报
301360,荣旗科技,,165.77%,,92.55%,,31.84%,39.18%,-0.63%,,一季报
301361,众智科技,,25.60%,,8.89%,,4.58%,58.37%,28.59%,,一季报
301366,一博科技,,28.16%,,272.69%,,25.38%,27.55%,3.81%,,一季报
301362,民爆光电,,-3.08%,,-63.29%,,17.77%,26.05%,5.32%,,一季报
301368,丰立智能,,9.17%,,-91.07%,,42.15%,11.27%,0.21%,,一季报
301369,联动科技,,44.56%,,229.55%,,8.39%,56.28%,2.88%,,一季报
301373,凌玮科技,,35.51%,,21.80%,,8.28%,46.35%,26.62%,,一季报
301376,致欧科技,,10.66%,,-32.20%,,51.12%,35.05%,3.25%,,一季报
301389,隆扬电子,,,,,,25.16%,49.38%,19.03%,,一季报
301379,天山电子,,7.60%,,-45.01%,,34.86%,16.50%,4.63%,,一季报
301396,宏景科技,,7.01%,,39.75%,,89.82%,34.23%,17.14%,,一季报
301399,英特科技,,7.10%,,-138.51%,,11.45%,16.34%,-2.91%,,一季报
301418,协昌科技,,57.20%,,62.76%,,12.32%,11.52%,7.08%,,一季报
301421,波长光电,,-1.36%,,-0.60%,,13.12%,31.64%,6.61%,,一季报
301456,盘古智能,,43.66%,,35.54%,,11.14%,37.08%,10.50%,,一季报
301458,钧崴电子,,20.13%,,7.38%,,16.30%,47.55%,18.45%,,一季报
301479,弘景光电,,12.39%,,-26.33%,,32.13%,21.29%,8.15%,,一季报
301499,维科精密,,4.47%,,8.48%,,20.83%,17.67%,5.50%,,一季报
301491,汉桑科技,,43.78%,,-22.53%,,18.86%,25.39%,8.11%,,一季报
301486,致尚科技,,-0.06%,,-125.74%,,18.77%,24.73%,0.23%,,一季报
301503,智迪科技,,28.65%,,-83.42%,,38.23%,14.10%,1.14%,,一季报
301510,固高科技,,50.12%,,183.06%,,15.20%,47.22%,13.88%,,一季报
301502,华阳智能,,5.94%,,16.98%,,23.99%,18.48%,7.68%,,一季报
301511,德福科技,,73.47%,,708.90%,,76.37%,9.11%,4.61%,,一季报
301512,智信精密,,32.08%,,-21.14%,,25.80%,29.46%,-69.59%,,一季报
301513,尚水智能,,,,,,,,,,
301525,儒竞科技,,-30.98%,,-80.18%,,16.07%,22.03%,4.32%,,一季报
301536,星宸科技,,49.35%,,330.29%,,41.06%,46.05%,22.26%,,一季报
301529,福赛科技,,-8.74%,,9.90%,,37.18%,26.84%,8.03%,,一季报
301539,宏鑫科技,,16.13%,,-244.56%,,63.49%,7.69%,-5.12%,,一季报
301548,崇德科技,,34.57%,,40.56%,,14.25%,40.93%,24.43%,,一季报
301556,托普云农,,-12.15%,,19.33%,,17.96%,46.60%,8.69%,,一季报
301557,常友科技,,1.44%,,-146.18%,,48.14%,13.54%,-2.50%,,一季报
301563,云汉芯城,,,,,,,,,,
301567,贝隆精密,,11.19%,,-49.04%,,13.60%,21.24%,4.25%,,一季报
301577,美信科技,,27.59%,,-281.90%,,38.15%,17.53%,-9.55%,,一季报
301588,美新科技,,17.98%,,-33.32%,,54.31%,30.34%,3.34%,,一季报
301578,辰奕智能,,3.72%,,-154.14%,,32.93%,14.55%,-2.28%,,一季报
301589,诺瓦星云,,13.80%,,-6.81%,,35.33%,58.54%,13.46%,,一季报
301599,理奇智能,,,,,,,,,,
301595,太力科技,,8.39%,,-43.68%,,28.80%,56.24%,3.75%,,一季报
301601,惠通科技,,-64.30%,,-121.70%,,34.92%,36.50%,-3.26%,,一季报
301603,乔锋智能,,51.76%,,41.98%,,40.80%,30.70%,14.34%,,一季报
301606,绿联科技,,53.42%,,58.14%,,26.22%,39.26%,8.49%,,一季报
301607,富特科技,,107.40%,,291.32%,,65.15%,17.27%,7.33%,,一季报
301618,长联科技,,8.58%,,-61.45%,,23.75%,25.94%,3.87%,,一季报
301611,珂玛科技,,9.13%,,-47.31%,,31.22%,46.15%,15.65%,,一季报
301628,强达电路,,25.34%,,-14.51%,,27.02%,25.58%,8.97%,,一季报
301631,壹连科技,,37.37%,,17.45%,,54.18%,15.20%,5.30%,,一季报
301633,港迪技术,,28.47%,,-130.33%,,24.17%,24.08%,-15.52%,,一季报
301638,南网数字,,,,,,,,,,
301662,宏工科技,,82.05%,,338.62%,,67.00%,28.22%,16.11%,,一季报
301669,高特电子,,,,,,,,,,
301682,宏明电子,,,,,,,,,,
301696,三瑞智能,,,,,,,,,,
600004,白云机场,,8.54%,,-43.32%,,28.28%,20.20%,9.36%,,一季报
600072,中船科技,,118.13%,,36.18%,,80.73%,4.30%,-10.86%,,一季报
600081,东风科技,,-11.17%,,11.19%,,42.91%,17.30%,5.33%,,一季报
600096,云天化,,-8.06%,,10.39%,,46.67%,19.56%,12.54%,,一季报
600143,金发科技,,-0.49%,,23.72%,,65.26%,13.26%,1.37%,,一季报
600155,华创云信,,,,,,,,,,
600152,维科技术,,33.27%,,-52.65%,,44.78%,8.87%,-7.28%,,一季报
600183,生益科技,,45.09%,,105.47%,,44.03%,28.10%,16.36%,,一季报
600184,光电股份,,2.99%,,17.03%,,36.58%,28.34%,0.47%,,一季报
600203,福日电子,,97.26%,,215.23%,,80.73%,6.15%,1.36%,,一季报
600228,返利科技,,164.97%,,-0.29%,,30.82%,53.13%,-9.87%,,一季报
600239,ST云城,,-18.37%,,36.94%,,81.95%,35.77%,-6.55%,,一季报
600237,铜峰电子,,-16.00%,,-9.74%,,25.45%,23.59%,8.37%,,一季报
600271,航天信息,,-19.22%,,16.65%,,18.55%,12.99%,-39.24%,,一季报
600288,大恒科技,,2.27%,,720.94%,,27.60%,37.91%,18.00%,,一季报
600332,白云山,,3.58%,,-2.06%,,53.33%,20.31%,7.83%,,一季报
600345,长江通信,,0.70%,,230.18%,,21.74%,11.29%,26.07%,,一季报
600353,旭光电子,,8.77%,,10.72%,,42.76%,22.56%,6.88%,,一季报
600360,华微电子,,3.61%,,5.44%,,34.04%,21.15%,8.98%,,一季报
600363,联创光电,,-23.62%,,-28.80%,,41.66%,15.90%,15.06%,,一季报
600378,昊华科技,,34.02%,,66.73%,,40.20%,23.97%,9.04%,,一季报
600375,汉马科技,,52.17%,,130.84%,,62.39%,6.97%,1.26%,,一季报
600391,航发科技,,-4.65%,,-418.00%,,63.76%,15.81%,1.72%,,一季报
600480,凌云股份,,5.25%,,-28.71%,,49.62%,16.90%,4.48%,,一季报
600498,烽火通信,,11.40%,,-30.44%,,58.68%,26.44%,0.82%,,一季报
600487,亨通光电,,34.09%,,98.53%,,51.88%,15.98%,6.64%,,一季报
600536,中国软件,,10.77%,,8.57%,,44.14%,52.03%,-9.93%,,一季报
600520,三佳科技,,47.48%,,134.99%,,51.64%,30.66%,3.99%,,一季报
600522,中天科技,,34.71%,,46.42%,,38.52%,15.58%,7.21%,,一季报
600545,卓郎智能,,15.44%,,61.90%,,63.39%,8.26%,-4.60%,,二季报
600552,凯盛科技,,15.07%,,17.07%,,61.93%,18.24%,1.87%,,一季报
600562,国睿科技,,39.66%,,2.49%,,32.63%,36.75%,14.97%,,一季报
600563,法拉电子,,6.72%,,1.30%,,28.17%,31.65%,20.84%,,一季报
600582,天地科技,,-11.64%,,-69.86%,,44.50%,29.11%,9.46%,,一季报
600570,恒生电子,,-11.75%,,342.87%,,27.69%,67.96%,18.25%,,一季报
600584,长电科技,,-1.76%,,42.74%,,43.01%,14.55%,3.04%,,一季报
600588,用友网络,,5.89%,,1.79%,,59.75%,44.72%,-51.01%,,一季报
600586,金晶科技,,-24.94%,,-1931.77%,,43.41%,0.70%,-17.58%,,一季报
600589,大位科技,,21.22%,,-162.41%,,82.87%,11.78%,-25.41%,,一季报
600590,泰豪科技,,0.55%,,42.02%,,61.49%,15.96%,5.74%,,一季报
600601,方正科技,,64.31%,,195.16%,,54.12%,30.52%,14.81%,,一季报
600602,云赛智联,,2.76%,,5.77%,,42.31%,15.74%,3.43%,,一季报
600691,潞化科技,,-1.84%,,65.17%,,77.58%,3.33%,-2.73%,,一季报
600658,电子城,,-29.66%,,-74.87%,,71.00%,7.81%,-64.01%,,一季报
600699,均胜电子,,-5.22%,,18.11%,,64.92%,17.67%,3.35%,,一季报
600703,三安光电,,-32.59%,,-68.15%,,39.32%,18.48%,2.48%,,一季报
600725,云维股份,,-23.79%,,51.39%,,27.37%,3.45%,-1.42%,,一季报
600728,佳都科技,,0.29%,,-89.76%,,51.62%,7.50%,0.29%,,一季报
600751,海航科技,,84.20%,,-69.65%,,24.50%,2.87%,2.70%,,一季报
600756,浪潮软件,,24.95%,,2.45%,,46.08%,44.72%,-64.96%,,一季报
600776,东方通信,,21.17%,,176.89%,,18.07%,11.55%,7.97%,,一季报
600792,云煤能源,,16.11%,,-6.26%,,70.52%,-2.60%,-6.64%,,一季报
600794,保税科技,,-35.22%,,-24.64%,,14.36%,36.43%,17.58%,,一季报
600844,金煤科技,,-4.71%,,69.05%,,87.68%,7.70%,-5.80%,,一季报
600845,宝信软件,,4.17%,,-14.25%,,46.17%,30.77%,14.58%,,一季报
600831,广电网络,,-24.79%,,-26.84%,,96.48%,-4.84%,-71.32%,,一季报
600850,电科数字,,2.00%,,-49.95%,,55.39%,17.30%,1.07%,,一季报
600846,同济科技,,12.92%,,-34.41%,,65.16%,15.12%,5.95%,,一季报
600866,星湖科技,,-7.41%,,-109.89%,,51.69%,7.65%,-1.18%,,一季报
600879,航天电子,,8.37%,,5.25%,,49.16%,23.24%,0.21%,,一季报
600877,电科芯片,,-20.62%,,-109.72%,,13.60%,39.16%,-0.77%,,一季报
600883,博闻科技,,34.40%,,68.10%,,5.85%,9.49%,65.10%,,一季报
600936,北投科技,,2.43%,,116.61%,,63.47%,18.52%,6.55%,,一季报
600980,北矿科技,,10.57%,,10.55%,,49.31%,27.80%,8.85%,,一季报
600986,浙文互联,,-14.09%,,-120.64%,,53.18%,8.64%,-1.03%,,一季报
600990,四创电子,,-41.86%,,-171.32%,,71.31%,17.15%,-33.67%,,一季报
601008,连云港,,2.38%,,35.21%,,58.89%,23.70%,8.60%,,一季报
600996,贵广网络,,-12.58%,,0.65%,,85.17%,-39.79%,-114.37%,,一季报
601208,东材科技,,27.24%,,103.35%,,44.90%,17.13%,12.74%,,一季报
601231,环旭电子,,-2.19%,,24.57%,,42.88%,9.46%,3.14%,,一季报
601218,吉鑫科技,,39.96%,,55.22%,,28.08%,18.67%,13.78%,,一季报
601615,明阳智能,,12.45%,,-91.84%,,71.88%,10.20%,0.39%,,一季报
601778,晶科科技,,,,,,61.47%,23.78%,-21.95%,,一季报
601777,千里科技,,30.69%,,141.31%,,38.17%,24.91%,-2.10%,,一季报
603004,鼎龙科技,,21.55%,,-20.14%,,10.26%,34.69%,15.89%,,一季报
603002,宏昌电子,,76.81%,,-92.74%,,42.81%,4.87%,0.05%,,一季报
603005,晶方科技,,14.86%,,0.12%,,12.73%,47.41%,19.65%,,一季报
603007,顺景科技,,1658.16%,,41.99%,,77.83%,15.27%,-1.24%,,一季报
603011,合锻智能,,-3.71%,,-488.03%,,58.77%,28.74%,-7.13%,,一季报
603009,北特科技,,8.04%,,17.86%,,46.56%,18.84%,4.73%,,一季报
603015,弘讯科技,,-11.24%,,-70.89%,,31.57%,34.94%,2.85%,,一季报
603031,安孚科技,,-3.42%,,87.78%,,46.16%,52.31%,23.83%,,一季报
603025,大豪科技,,15.58%,,41.32%,,32.96%,47.60%,30.33%,,一季报
603032,德新科技,,52.24%,,2436.45%,,22.93%,41.44%,19.56%,,一季报
603042,华脉科技,,7.88%,,76.53%,,45.32%,28.30%,4.99%,,一季报
603052,可川科技,,10.23%,,-207.61%,,38.94%,11.51%,-5.25%,,一季报
603068,博通集成,,87.77%,,-1.57%,,17.82%,28.85%,5.58%,,一季报
603082,北自科技,,-3.41%,,-54.97%,,64.93%,11.86%,4.46%,,一季报
603095,越剑智能,,-28.45%,,-57.38%,,21.88%,12.25%,6.00%,,一季报
603083,剑桥科技,,43.98%,,276.44%,,32.01%,29.33%,7.55%,,一季报
603106,恒银科技,,-39.76%,,-46.78%,,18.95%,39.34%,5.02%,,一季报
603105,芯能科技,,-14.00%,,-91.70%,,49.11%,41.46%,1.89%,,一季报
603125,常青科技,,57.93%,,129.78%,,6.36%,31.53%,20.90%,,一季报
603113,金能科技,,-25.50%,,-877.67%,,63.02%,-15.33%,-17.77%,,一季报
603130,云中马,,-3.51%,,38.85%,,53.50%,9.22%,2.54%,,一季报
603135,中重科技,,-13.54%,,34.85%,,23.75%,24.54%,18.06%,,一季报
603138,海量数据,,22.04%,,-136.15%,,23.55%,34.30%,-44.38%,,一季报
603151,邦基科技,,34.29%,,-85.56%,,58.50%,6.51%,-0.89%,,一季报
603160,汇顶科技,,-8.95%,,-40.01%,,13.22%,40.89%,12.09%,,一季报
603163,圣晖集成,,-5.85%,,33.66%,,48.01%,11.86%,7.22%,,一季报
603175,超颖电子,,,,,,,,,,
603181,皇马科技,,8.88%,,10.47%,,20.42%,28.41%,17.11%,,一季报
603192,汇得科技,,2.72%,,-21.65%,,24.77%,13.31%,2.42%,,一季报
603197,保隆科技,,17.57%,,-24.87%,,69.16%,22.09%,3.59%,,一季报
603203,快克智能,,33.09%,,16.15%,,32.94%,49.76%,23.45%,,一季报
603206,嘉环科技,,0.18%,,-28.19%,,71.99%,12.95%,1.74%,,一季报
603212,赛伍技术,,-6.21%,,65.22%,,39.94%,9.77%,-1.59%,,一季报
603217,元利科技,,9.58%,,30.30%,,30.98%,19.76%,10.18%,,一季报
603220,中贝通信,,-11.80%,,-100.02%,,59.29%,16.86%,-0.32%,,一季报
603227,雪峰科技,,-7.45%,,-28.39%,,30.13%,16.16%,4.86%,,一季报
603228,景旺电子,,16.41%,,-28.37%,,46.77%,18.76%,6.24%,,一季报
603232,格尔软件,,44.36%,,43.12%,,18.50%,46.72%,-42.46%,,一季报
603248,锡华科技,,,,,,,,,,
603236,移远通信,,29.26%,,-33.30%,,63.25%,17.09%,2.06%,,一季报
603256,宏和科技,,79.72%,,354.22%,,38.44%,55.65%,31.72%,,一季报
603258,电魂网络,,-11.71%,,-1501.33%,,12.31%,56.58%,-25.15%,,一季报
603261,立航科技,,29.40%,,-146.22%,,45.22%,7.14%,-22.49%,,一季报
603267,鸿远电子,,-11.98%,,60.00%,,13.66%,46.51%,23.14%,,一季报
603273,天元智能,,-31.41%,,44.15%,,32.46%,18.18%,8.35%,,一季报
603275,众辰科技,,26.89%,,4.15%,,12.18%,38.65%,23.66%,,一季报
603286,日盈电子,,-3.45%,,24.79%,,57.13%,20.98%,-2.36%,,一季报
603296,华勤技术,,16.42%,,25.96%,,73.63%,8.54%,2.63%,,一季报
603322,超讯科技,,-11.64%,,-16.79%,,87.22%,34.89%,17.57%,,一季报
603306,华懋科技,,-4.63%,,-86.47%,,39.34%,26.20%,1.63%,,一季报
603324,盛剑科技,,-63.09%,,-226.65%,,51.18%,17.36%,-22.51%,,一季报
603325,博隆技术,,-15.41%,,-68.48%,,48.27%,20.11%,11.84%,,一季报
603327,福蓉科技,,35.84%,,134.07%,,33.29%,12.22%,6.34%,,一季报
603328,依顿电子,,-1.13%,,-67.60%,,36.95%,17.56%,4.03%,,一季报
603339,四方科技,,-10.09%,,-13.42%,,26.73%,22.01%,9.39%,,一季报
603337,杰克科技,,12.86%,,4.47%,,37.20%,32.41%,12.94%,,一季报
603341,龙旗科技,,-19.35%,,-90.00%,,71.84%,9.59%,0.12%,,一季报
603358,华达科技,,11.13%,,-267.86%,,50.43%,9.87%,-6.88%,,一季报
603376,大明电子,,,,,,,,,,
603382,海阳科技,,-21.33%,,-50.40%,,51.47%,9.59%,1.78%,,一季报
603383,顶点软件,,5.34%,,117.79%,,15.45%,73.53%,30.61%,,一季报
603386,骏亚科技,,2.53%,,-235.45%,,64.90%,11.80%,-3.32%,,一季报
603448,天博智能,,,,,,,,,,
603459,红板科技,,,,,,,,,,
603488,展鹏科技,,16.99%,,-23.36%,,28.60%,-1.58%,-45.51%,,一季报
603496,恒为科技,,42.89%,,173.65%,,23.38%,30.46%,3.06%,,一季报
603499,翔港科技,,2.00%,,-25.66%,,38.43%,24.71%,12.52%,,一季报
603516,淳中科技,,13.88%,,111.78%,,9.46%,35.84%,2.00%,,一季报
603528,多伦科技,,-25.31%,,-795.81%,,16.07%,29.49%,-27.44%,,一季报
603529,爱玛科技,,-18.45%,,-67.57%,,58.60%,15.83%,4.02%,,一季报
603533,掌阅科技,,23.52%,,54.59%,,19.74%,63.90%,-4.27%,,一季报
603551,奥普科技,,8.32%,,-19.01%,,32.73%,45.04%,10.60%,,一季报
603601,再升科技,,-7.28%,,-57.37%,,12.77%,18.73%,4.87%,,一季报
603602,纵横通信,,29.92%,,45.22%,,60.55%,16.02%,2.63%,,一季报
603607,京华激光,,-18.26%,,5.15%,,25.31%,29.72%,13.33%,,一季报
603610,麒盛科技,,10.37%,,-24.19%,,36.70%,31.77%,3.59%,,一季报
603626,科森科技,,-9.51%,,512.78%,,52.86%,11.41%,61.64%,,一季报
603629,利通电子,,41.61%,,821.08%,,75.10%,46.23%,27.38%,,一季报
603636,南威软件,,-31.49%,,-43.60%,,59.24%,26.68%,-45.02%,,一季报
603638,艾迪精密,,51.58%,,48.39%,,45.98%,27.51%,13.68%,,一季报
603655,朗博科技,,-4.72%,,-20.14%,,5.69%,36.63%,14.11%,,一季报
603656,泰禾智能,,28.73%,,168.56%,,34.10%,39.73%,4.09%,,一季报
603657,春光科技,,1.12%,,-1316.16%,,72.32%,3.42%,-8.08%,,一季报
603668,天马科技,,3.50%,,-61.24%,,71.84%,8.45%,0.62%,,一季报
603678,火炬电子,,77.16%,,-62.82%,,35.43%,17.58%,2.71%,,一季报
603685,晨丰科技,,-6.38%,,304.75%,,47.86%,20.90%,3.87%,,一季报
603679,华体科技,,64.65%,,-521.25%,,41.31%,21.24%,-9.55%,,一季报
603703,盛洋科技,,29.60%,,-2.43%,,59.69%,23.95%,2.71%,,一季报
603690,至纯科技,,-14.70%,,-232.76%,,73.05%,27.06%,-13.11%,,一季报
603738,泰晶科技,,24.31%,,165.22%,,19.32%,20.25%,9.64%,,一季报
603773,沃格光电,,8.48%,,-112.07%,,71.60%,16.74%,-7.77%,,一季报
603778,国晟科技,,25.02%,,16.93%,,80.98%,-19.06%,-42.62%,,一季报
603826,坤彩科技,,59.92%,,211.47%,,61.83%,2.38%,18.29%,,一季报
603859,能科科技,,-1.02%,,0.18%,,31.06%,52.54%,20.15%,,一季报
603861,白云电器,,-0.20%,,-7.09%,,61.16%,18.28%,3.62%,,一季报
603879,永悦科技,,11.06%,,-7.50%,,13.22%,2.22%,-9.29%,,一季报
603881,数据港,,-3.76%,,1.64%,,54.18%,31.75%,11.77%,,一季报
603890,春秋电子,,27.67%,,50.69%,,50.84%,21.18%,5.46%,,一季报
603895,天永智能,,-8.58%,,-21.07%,,88.56%,17.53%,4.60%,,一季报
603897,长城科技,,15.93%,,-18.79%,,64.13%,4.63%,1.24%,,一季报
603901,永创智能,,11.62%,,75.26%,,63.28%,27.20%,7.13%,,一季报
603906,龙蟠科技,,119.61%,,925.71%,,80.80%,19.78%,8.19%,,一季报
603917,合力科技,,0.54%,,-305.41%,,16.86%,24.15%,-4.85%,,一季报
603918,金桥信息,,19.32%,,-31.56%,,24.67%,22.50%,-22.43%,,一季报
603920,世运电路,,8.63%,,-79.63%,,30.29%,13.54%,2.17%,,一季报
603929,亚翔集成,,35.38%,,202.41%,,54.72%,25.03%,21.89%,,一季报
603933,睿能科技,,30.49%,,163.18%,,49.94%,22.20%,5.13%,,一季报
603936,博敏电子,,-0.60%,,-139.72%,,58.68%,15.50%,-1.25%,,一季报
603990,麦迪科技,,-2.61%,,-83.70%,,30.09%,62.20%,6.82%,,一季报
603992,松霖科技,,45.71%,,109.89%,,18.66%,32.37%,11.65%,,一季报
605058,澳弘电子,,6.14%,,-9.62%,,46.25%,26.61%,9.22%,,一季报
605118,力鼎光电,,44.67%,,23.86%,,19.31%,48.99%,29.60%,,一季报
605178,时空科技,,-18.13%,,80.93%,,30.96%,18.90%,-15.92%,,一季报
605180,华生科技,,41.14%,,-55.91%,,8.73%,23.83%,3.39%,,一季报
605186,健麾信息,,-1.37%,,-0.39%,,18.95%,33.15%,1.44%,,一季报
605218,伟时电子,,16.85%,,-287.30%,,38.46%,6.59%,-4.77%,,一季报
605228,神通科技,,20.40%,,420.14%,,24.76%,24.25%,11.28%,,一季报
605258,协和电子,,1.61%,,-57.16%,,27.96%,15.59%,2.50%,,一季报
605268,王力安防,,8.83%,,21.16%,,57.97%,25.14%,5.26%,,一季报
605277,新亚电子,,13.25%,,-5.91%,,53.68%,14.15%,4.45%,,一季报
605298,必得科技,,-5.20%,,6.97%,,17.50%,41.50%,9.89%,,一季报
605398,新炬网络,,1.41%,,-42.61%,,12.81%,47.66%,2.53%,,一季报
605377,华旺科技,,-14.40%,,-19.36%,,33.15%,17.76%,8.96%,,一季报
605588,冠石科技,,-5.84%,,-134.24%,,66.94%,-0.93%,-6.91%,,一季报
688004,博汇科技,,-16.19%,,-78.52%,,14.66%,49.24%,-42.89%,,一季报
688003,天准科技,,75.61%,,114.54%,,59.59%,40.98%,1.16%,,一季报
688005,容百科技,,27.58%,,175.18%,,67.38%,9.43%,0.20%,,一季报
688007,光峰科技,,-49.67%,,-74.53%,,31.43%,34.10%,-16.36%,,一季报
688006,杭可科技,,24.31%,,10.62%,,52.71%,33.60%,15.15%,,一季报
688008,澜起科技,,19.51%,,61.30%,,4.17%,69.79%,56.80%,,一季报
688015,交控科技,,-6.55%,,-7.77%,,55.79%,40.40%,6.60%,,一季报
688011,新光光电,,358.17%,,-28.46%,,14.29%,13.43%,-42.53%,,一季报
688018,乐鑫科技,,16.16%,,44.76%,,10.20%,48.51%,21.00%,,一季报
688021,奥福科技,,2.24%,,434.22%,,24.35%,34.49%,10.88%,,一季报
688019,安集科技,,32.76%,,23.01%,,15.70%,55.46%,28.69%,,一季报
688023,安恒信息,,4.44%,,-2.40%,,45.28%,55.65%,-36.11%,,一季报
688031,星环科技,,26.24%,,33.00%,,25.61%,40.45%,-68.92%,,一季报
688035,德邦科技,,28.48%,,26.78%,,30.13%,26.99%,8.63%,,一季报
688039,当虹科技,,68.64%,,-27.96%,,27.98%,35.18%,-20.57%,,一季报
688049,炬芯科技,,23.74%,,17.49%,,10.71%,49.47%,20.50%,,一季报
688041,海光信息,,68.06%,,35.82%,,22.80%,55.60%,21.75%,,一季报
688051,佳华科技,,-24.25%,,-52.72%,,36.35%,23.18%,-52.48%,,一季报
688055,龙腾光电,,-24.84%,,-21.77%,,40.97%,2.55%,-15.43%,,一季报
688059,华锐精密,,88.26%,,499.47%,,32.89%,57.27%,41.88%,,一季报
688060,云涌科技,,9.84%,,-57.08%,,6.65%,27.96%,-25.96%,,一季报
688061,灿瑞科技,,4.76%,,-55.73%,,14.33%,28.48%,-15.99%,,一季报
688063,派能科技,,147.89%,,158.39%,,31.63%,24.19%,2.09%,,一季报
688067,爱威科技,,-0.47%,,17.48%,,15.15%,57.84%,14.00%,,一季报
688071,华依科技,,10.60%,,-54.32%,,57.40%,29.45%,0.99%,,一季报
688072,拓荆科技,,56.97%,,488.29%,,60.99%,41.69%,50.54%,,一季报
688078,龙软科技,,-37.85%,,-188.20%,,18.84%,33.14%,-37.96%,,一季报
688083,中望软件,,17.30%,,20.15%,,13.39%,97.06%,-26.47%,,一季报
688090,瑞松科技,,15.80%,,878.58%,,49.90%,29.39%,9.79%,,一季报
688088,虹软科技,,8.54%,,8.90%,,7.29%,90.40%,23.81%,,一季报
688092,爱科科技,,2.81%,,-42.75%,,20.94%,43.82%,6.02%,,一季报
688093,世华科技,,-6.45%,,-2.07%,,4.00%,56.43%,35.69%,,一季报
688095,福昕软件,,14.92%,,293.15%,,25.18%,91.69%,1.28%,,一季报
688100,威胜信息,,-4.24%,,6.40%,,39.55%,43.33%,27.88%,,一季报
688103,国力电子,,33.28%,,-42.98%,,57.36%,23.83%,2.19%,,一季报
688107,安路科技,,77.46%,,32.43%,,18.22%,41.26%,-24.65%,,一季报
688109,品茗科技,,-31.81%,,-1475.95%,,12.41%,71.44%,-31.22%,,一季报
688112,鼎阳科技,,22.85%,,-5.77%,,8.47%,64.24%,23.68%,,一季报
688113,联测科技,,29.43%,,32.27%,,29.94%,36.26%,22.61%,,一季报
688116,天奈科技,,-5.82%,,-3.01%,,33.86%,35.85%,17.84%,,一季报
688118,普元信息,,-22.92%,,-3.66%,,10.08%,38.66%,-99.45%,,一季报
688129,东来技术,,1.58%,,7.50%,,39.99%,37.56%,18.03%,,一季报
688125,安达智能,,1.36%,,-54.95%,,23.30%,47.23%,-21.89%,,一季报
688132,邦彦技术,,-39.76%,,-59.45%,,19.04%,10.06%,-261.38%,,一季报
688133,泰坦科技,,-3.49%,,-731.36%,,42.55%,19.02%,-6.17%,,一季报
688135,利扬芯片,,27.87%,,145.07%,,40.00%,27.40%,2.30%,,一季报
688138,清溢光电,,10.67%,,7.64%,,28.35%,31.28%,16.89%,,一季报
688150,莱特光电,,-8.20%,,-24.47%,,14.43%,69.74%,34.32%,,一季报
688151,华强科技,,59.50%,,240.27%,,11.24%,21.31%,6.18%,,一季报
688155,先惠技术,,98.41%,,163.46%,,54.77%,30.30%,18.68%,,一季报
688156,路德科技,,74.60%,,780.45%,,57.38%,32.55%,11.40%,,一季报
688159,有方科技,,-40.86%,,57.99%,,69.04%,20.12%,5.00%,,一季报
688162,巨一科技,,4.24%,,-21.67%,,71.17%,16.44%,2.07%,,一季报
688167,炬光科技,,21.15%,,58.68%,,25.39%,43.24%,-6.43%,,一季报
688169,石头科技,,23.31%,,20.83%,,27.04%,43.26%,7.65%,,一季报
688170,德龙激光,,-11.93%,,-55.01%,,31.06%,43.28%,-29.23%,,一季报
688171,纬德信息,,203.25%,,84.49%,,7.88%,60.49%,16.85%,,一季报
688175,高凌信息,,40.80%,,131.22%,,8.89%,47.01%,6.40%,,一季报
688182,灿勤科技,,98.03%,,-92.80%,,19.86%,20.07%,0.37%,,一季报
688183,生益电子,,52.62%,,122.16%,,47.52%,35.21%,18.45%,,一季报
688188,柏楚电子,,10.53%,,23.88%,,5.62%,74.51%,58.29%,,一季报
688190,云路股份,,11.21%,,-21.53%,,21.09%,23.06%,13.22%,,一季报
688195,腾景科技,,51.17%,,10.74%,,34.14%,37.22%,10.63%,,一季报
688206,概伦电子,,10.09%,,-917.21%,,19.62%,86.21%,-12.39%,,一季报
688208,道通科技,,18.78%,,-2.43%,,48.55%,56.17%,14.12%,,一季报
688210,统联精密,,-5.89%,,-826.13%,,58.01%,31.84%,-12.70%,,一季报
688215,瑞晟智能,,67.34%,,345.59%,,55.68%,24.93%,7.57%,,一季报
688216,气派科技,,69.77%,,88.42%,,62.13%,10.57%,-2.14%,,一季报
688220,翱捷科技,,24.18%,,77.08%,,24.30%,30.14%,-2.48%,,一季报
688228,开普云,,-21.44%,,-1251.33%,,26.28%,40.33%,-24.46%,,一季报
688230,芯导科技,,34.71%,,24.47%,,2.51%,34.33%,29.95%,,一季报
688229,博睿数据,,-11.06%,,-26.43%,,12.16%,73.25%,-36.17%,,一季报
688232,新点软件,,-2.94%,,40.56%,,15.41%,57.38%,-8.85%,,一季报
688248,南网科技,,-12.66%,,-13.38%,,30.20%,38.58%,11.38%,,一季报
688239,航宇科技,,25.88%,,31.65%,,59.83%,30.03%,10.33%,,一季报
688249,晶合集成,,13.41%,,-62.61%,,45.60%,21.26%,0.98%,,一季报
688251,井松智能,,30.07%,,-2332.40%,,47.45%,15.30%,-16.83%,,一季报
688258,卓易信息,,2.70%,,216.35%,,35.35%,57.18%,67.95%,,一季报
688259,创耀科技,,-19.60%,,-11.94%,,12.82%,30.86%,14.72%,,一季报
688260,昀冢科技,,56.28%,,-1.31%,,87.35%,-3.11%,-38.21%,,一季报
688279,峰岹科技,,46.20%,,75.09%,,2.28%,51.82%,35.27%,,一季报
688262,国芯科技,,79.50%,,-40.04%,,38.88%,22.91%,-31.06%,,一季报
688281,华秦科技,,23.85%,,26.19%,,25.87%,43.40%,21.39%,,一季报
688288,鸿泉技术,,7.51%,,-137.96%,,39.11%,26.61%,-4.22%,,一季报
688290,景业智能,,169.24%,,28.75%,,25.71%,23.02%,-16.26%,,一季报
688296,和达科技,,17.14%,,11.41%,,36.26%,35.23%,-32.47%,,一季报
688299,长阳科技,,-10.27%,,-21.32%,,39.17%,33.57%,4.66%,,一季报
688301,奕瑞科技,,42.50%,,24.91%,,47.77%,45.83%,26.59%,,一季报
688306,均普智能,,43.01%,,-13.73%,,62.60%,18.07%,-7.30%,,一季报
688309,恒誉科技,,180.55%,,414.07%,,17.40%,57.81%,24.69%,,一季报
688311,盟升电子,,-43.63%,,-1.63%,,24.33%,25.95%,-126.34%,,一季报
688312,燕麦科技,,-3.71%,,-1.93%,,13.13%,44.54%,2.00%,,一季报
688316,青云科技,,1.32%,,40.09%,,75.67%,34.08%,-28.82%,,一季报
688320,禾川科技,,18.70%,,79.10%,,41.48%,23.35%,-3.38%,,一季报
688327,云从科技,,-37.61%,,89.50%,,62.84%,47.98%,-51.21%,,一季报
688329,艾隆科技,,-25.96%,,-63.15%,,42.97%,38.31%,-60.33%,,一季报
688335,复洁科技,,-66.49%,,-1379.80%,,20.92%,22.66%,-112.88%,,一季报
688343,云天励飞,,17.97%,,-56.47%,,31.03%,28.14%,-43.29%,,一季报
688348,昱能科技,,-22.42%,,-313.41%,,25.08%,35.12%,-43.17%,,一季报
688352,颀中科技,,-11.37%,,-1095.27%,,26.86%,14.32%,-69.72%,,一季报
688350,富淼科技,,7.83%,,251.80%,,34.84%,19.47%,6.00%,,一季报
688355,明志科技,,2.30%,,-75.66%,,22.62%,31.20%,2.60%,,一季报
688356,键凯科技,,14.53%,,88.67%,,5.74%,70.22%,28.32%,,一季报
688362,甬矽电子,,23.97%,,8.15%,,74.03%,17.51%,1.79%,,一季报
688360,德马科技,,13.22%,,17.14%,,58.35%,32.74%,9.02%,,一季报
688365,光云科技,,23.44%,,146.49%,,46.67%,72.95%,2.85%,,一季报
688370,丛麟科技,,-8.26%,,111.99%,,12.33%,33.15%,6.14%,,一季报
688369,致远互联,,22.21%,,2.97%,,44.91%,57.62%,-53.81%,,一季报
688372,伟测科技,,71.79%,,173.39%,,52.24%,34.96%,14.46%,,一季报
688376,美埃科技,,44.52%,,-24.40%,,48.24%,26.56%,7.80%,,一季报
688375,国博电子,,-8.90%,,-98.51%,,23.13%,33.62%,0.27%,,一季报
688388,嘉元科技,,73.94%,,392.77%,,45.68%,7.48%,3.56%,,一季报
688389,普门科技,,20.94%,,-39.49%,,15.15%,61.03%,12.59%,,一季报
688391,钜泉科技,,-5.35%,,-56.36%,,3.98%,38.91%,3.39%,,一季报
688400,凌云光,,-2.79%,,1233.13%,,26.37%,42.37%,33.20%,,一季报
688401,路维光电,,25.56%,,38.81%,,45.47%,35.39%,20.88%,,一季报
688418,震有科技,,-30.85%,,-2313.95%,,46.72%,38.75%,-43.78%,,一季报
688409,富创精密,,36.84%,,361.52%,,48.87%,27.05%,6.22%,,一季报
688448,磁谷科技,,11.84%,,-10.35%,,26.18%,28.83%,-11.62%,,一季报
688420,美腾科技,,-9.98%,,55.02%,,21.71%,41.67%,3.71%,,一季报
688435,英方软件,,9.27%,,2.53%,,10.38%,74.45%,-33.38%,,一季报
688449,联芸科技,,47.38%,,135.73%,,21.32%,51.46%,2.49%,,一季报
688450,光格科技,,23.74%,,67.11%,,21.32%,64.38%,-13.85%,,一季报
688455,科捷智能,,73.14%,,-0.98%,,75.86%,14.52%,-16.41%,,一季报
688459,哈铁科技,,-9.00%,,-1025.90%,,15.31%,39.29%,-17.59%,,一季报
688475,萤石网络,,2.36%,,32.30%,,34.21%,50.47%,12.93%,,一季报
688469,芯联集成,,13.19%,,51.53%,,46.13%,5.69%,-15.12%,,一季报
688479,友车科技,,1.89%,,91.10%,,9.86%,31.49%,11.21%,,一季报
688498,源杰科技,,320.94%,,1153.07%,,10.72%,77.81%,50.51%,,一季报
688484,南芯科技,,10.48%,,-94.74%,,17.79%,37.44%,0.26%,,一季报
688507,索辰科技,,,,,,,,,,
688510,航亚科技,,-1.47%,,-34.68%,,36.44%,38.62%,11.76%,,一季报
688511,天微电子,,-57.94%,,-66.07%,,13.44%,53.56%,25.65%,,一季报
688518,联赢激光,,1.74%,,-2.08%,,64.55%,26.86%,5.00%,,一季报
688529,豪森智能,,10.89%,,-198.42%,,83.82%,7.84%,-16.83%,,一季报
688531,日联科技,,48.34%,,24.98%,,19.95%,42.88%,14.51%,,一季报
688533,上声电子,,8.05%,,-10.99%,,51.82%,22.13%,3.35%,,一季报
688538,和辉光电,,1.25%,,7.41%,,71.86%,-17.07%,-38.43%,,一季报
688539,高华科技,,-21.13%,,-195.91%,,12.61%,52.78%,-7.07%,,一季报
688545,兴福电子,,36.72%,,20.22%,,30.00%,26.46%,14.18%,,一季报
688557,兰剑智能,,15.87%,,95.00%,,48.63%,25.26%,1.56%,,一季报
688562,航天软件,,-27.86%,,-31.82%,,40.97%,20.27%,-126.30%,,一季报
688567,孚能科技,,-28.31%,,8.03%,,58.12%,13.82%,-8.41%,,一季报
688565,力源科技,,-14.79%,,-80.65%,,45.13%,21.23%,1.31%,,一季报
688576,西山科技,,9.04%,,-36.48%,,7.58%,62.15%,10.15%,,一季报
688579,地纬智能,,-55.95%,,-476.26%,,16.32%,56.77%,-50.34%,,一季报
688588,凌志软件,,-1.70%,,-103.03%,,28.98%,31.88%,-0.87%,,一季报
688583,思看科技,,0.15%,,-73.02%,,12.41%,73.30%,8.34%,,一季报
688590,新致软件,,1.17%,,-88.96%,,52.82%,26.26%,0.27%,,一季报
688595,芯海科技,,12.07%,,-62.19%,,51.02%,29.59%,-21.17%,,一季报
688596,正帆科技,,43.35%,,-174.36%,,67.97%,18.23%,-2.60%,,一季报
688602,康鹏科技,,-38.37%,,-141.09%,,11.44%,15.51%,-7.72%,,一季报
688600,皖仪科技,,33.46%,,324.98%,,38.90%,49.03%,6.84%,,一季报
688603,天承科技,,42.41%,,57.79%,,9.34%,37.88%,20.57%,,一季报
688609,九联科技,,28.50%,,126.72%,,78.73%,19.57%,2.02%,,一季报
688610,埃科光电,,95.79%,,169.09%,,14.83%,42.97%,15.83%,,一季报
688608,恒玄科技,,-32.72%,,-53.26%,,4.85%,42.55%,13.31%,,一季报
688615,合合信息,,27.53%,,33.67%,,24.09%,87.58%,30.71%,,一季报
688616,西力科技,,13.85%,,-11.05%,,16.68%,29.57%,16.24%,,一季报
688618,三旺通信,,-14.89%,,-110.71%,,20.71%,57.30%,-1.24%,,一季报
688623,双元科技,,4.27%,,-26.49%,,20.74%,36.96%,22.63%,,一季报
688629,华丰科技,,56.15%,,230.43%,,51.86%,30.34%,16.36%,,一季报
688625,呈和科技,,13.90%,,26.20%,,50.18%,45.57%,36.09%,,一季报
688631,莱斯信息,,-17.30%,,14.57%,,41.44%,52.74%,-14.80%,,一季报
688646,逸飞激光,,-39.50%,,-364.20%,,58.66%,19.04%,-20.83%,,一季报
688638,誉辰智能,,62.00%,,0.30%,,71.71%,15.36%,-27.70%,,一季报
688648,中邮科技,,66.49%,,-36.76%,,36.47%,8.22%,-7.98%,,一季报
688657,浩辰软件,,26.79%,,-38.00%,,6.93%,91.94%,5.25%,,一季报
688653,康希通信,,34.80%,,116.14%,,10.34%,28.02%,2.67%,,一季报
688659,元琛科技,,45.21%,,65.34%,,60.98%,22.56%,2.23%,,一季报
688662,富信科技,,4.33%,,5.06%,,23.62%,29.22%,7.20%,,一季报
688665,四方光电,,4.10%,,3.11%,,30.34%,43.53%,15.02%,,一季报
688668,鼎通科技,,20.78%,,51.86%,,24.47%,32.39%,17.59%,,一季报
688676,金盘科技,,13.41%,,4.83%,,57.82%,25.74%,7.33%,,一季报
688683,莱尔科技,,89.38%,,31.28%,,35.53%,17.37%,4.85%,,一季报
688687,凯因科技,,-10.67%,,-76.10%,,35.08%,72.97%,2.33%,,一季报
688690,纳微科技,,34.03%,,133.22%,,12.27%,74.19%,27.10%,,一季报
688692,达梦数据,,59.09%,,54.25%,,9.32%,96.56%,36.02%,,一季报
688696,极米科技,,-2.14%,,-19.75%,,46.71%,36.14%,5.44%,,一季报
688699,明微电子,,94.91%,,171.15%,,27.24%,23.69%,11.00%,,一季报
688702,盛科通信,,11.40%,,-12.05%,,9.18%,49.45%,-6.86%,,一季报
688700,东威科技,,44.47%,,160.59%,,49.17%,37.25%,14.51%,,一季报
688708,佳驰科技,,23.93%,,4.61%,,11.14%,73.67%,31.22%,,一季报
688711,宏微科技,,3.83%,,-16.11%,,58.47%,13.89%,-0.62%,,一季报
688737,中自科技,,77.64%,,-55.29%,,52.17%,11.71%,0.47%,,一季报
688755,汉邦科技,,17.80%,,66.22%,,34.90%,37.73%,9.48%,,一季报
688758,赛分科技,,35.99%,,49.66%,,8.91%,76.48%,31.33%,,一季报
688776,国光电气,,-51.32%,,-1994.63%,,25.65%,7.81%,-78.54%,,一季报
688777,中控技术,,-6.29%,,-37.81%,,45.09%,30.99%,4.96%,,一季报
688781,视涯科技,,,,,,,,,,
688788,科思科技,,36.96%,,-24.40%,,10.60%,25.26%,-257.64%,,一季报
688797,臻宝科技,,,,,,,,,,
688801,燧原科技,,,,,,,,,,
688798,艾为电子,,1.02%,,-20.32%,,41.02%,32.15%,7.90%,,一季报
688826,频准激光,,,,,,,,,,
688825,长鑫科技,,,,,,,,,,
688835,高凯技术,,,,,,,,,,
688836,宇树科技,,,,,,,,,,
