股票代码,公司名称,总市值(亿),流通市值(亿),市盈率,市净率,涨跌幅(%),当前价,近期新闻,新闻数量
000021,深科技,4.04,48.73,598.02,4.49,1.53,37.74,深科技(000021.SZ) | 深科技股票_数据_资料_信息 — 东方财富网 | 深科技(000021)股票行情_深科技(000021)股票自动交易_最新消... | 深科技(000021)盘口异动_行情_走势图—东方财富网 | 深科技(000021)历史资金流向一览,5
000070,特发信息,5.28,-31.15,134.93,12.89,-1.01,15.75,特发信息股票_数据_资料_信息 — 东方财富网 | 特发信息(000070)盘口异动_行情_走势图—东方财富网 | 特发信息(000070)股票行情_特发信息(000070)股票自动交易_最... | 特发信息(000070.SZ) | 特发信息(000070)历史资金流向一览,5
000100,TCL科技,2.62,17.34,1023.85,1.66,2.62,5.09,"关于TCL-了解TCL的公司故事,领先科技,品牌荣誉等 | TCL官网 | TCL科技股票_数据_资料_信息 — 东方财富网 | TCL科技(000100.SZ) | TCL科技(000100)历史资金流向一览 | TCL科技(000100)盘口异动_行情_走势图—东方财富网",5
000536,华映科技,3.99,-9.9,99.47,18.45,1.69,3.6,,0
000538,云南白药,0.6,17.22,899.02,2.19,0.78,50.39,,0
000409,云鼎科技,0.72,77.32,52.32,3.61,0.91,8.86,云鼎科技股票_数据_资料_信息 — 东方财富网 | 云鼎科技(000409)历史资金流向一览 | 云鼎科技(000409.SZ) | 云鼎科技(000409)盘口异动_行情_走势图—东方财富网 | 云鼎科技(000409)业绩报表,5
000551,创元科技,1.77,19.58,61.32,2.0,1.12,12.66,,0
000555,神州信息,1.63,-81.44,105.88,1.94,1.5,10.86,,0
000561,烽火电子,0.74,-20.45,60.86,2.39,0.64,7.84,,0
000586,汇源通信,5.89,-139.41,26.19,8.4,-0.51,13.7,,0
000682,东方电子,0.71,15.18,153.63,2.46,-0.61,11.46,,0
000700,模塑科技,4.34,20.97,105.85,2.55,2.85,11.53,,0
000702,正虹科技,2.09,-73.95,19.97,6.15,0.17,5.76,,0
000707,双环科技,1.08,-15.55,25.94,1.02,-0.42,4.71,,0
000711,京蓝科技,7.62,-244.1,138.83,23.83,-5.76,5.89,,0
000733,振华科技,1.95,23.89,229.28,1.45,1.03,41.38,,0
000727,冠捷科技,1.45,-15.12,104.63,6.26,0.0,2.31,,0
000777,中核科技,1.15,42.52,66.06,2.61,0.0,17.23,,0
000810,创维数字,2.15,40.29,112.93,1.77,3.8,10.1,,0
000790,华神科技,2.78,-10.0,25.9,3.59,-1.19,4.16,,0
000807,云铝股份,1.79,8.57,940.15,2.46,-0.44,27.11,,0
000818,航锦科技,2.24,-70.65,82.41,3.77,0.89,12.52,,0
000815,美利云,7.48,145.02,115.34,8.14,1.65,16.59,,0
000823,超声电子,7.43,42.57,94.12,1.69,2.93,15.82,,0
000878,云南铜业,3.36,24.37,348.03,2.21,-2.69,17.37,,0
000901,航天科技,1.56,685.27,111.99,2.65,1.67,14.03,,0
000903,ST云动,0.63,-3.62,36.48,7.56,0.53,1.9,,0
000920,沃顿科技,1.37,24.17,55.29,2.73,0.95,11.7,,0
000925,众合科技,13.73,-535.49,62.89,1.97,-0.11,9.37,,0
000930,中粮科技,1.77,-38.74,92.26,0.9,-3.31,4.97,,0
000948,南天信息,2.77,102.63,56.07,2.05,0.7,14.41,,0
000969,安泰科技,4.24,44.91,187.45,3.24,4.04,18.01,,0
000973,佛塑科技,4.73,33.56,132.64,3.4,-3.03,13.11,,0
000977,浪潮信息,7.95,27.4,1249.52,5.1,9.99,85.18,,0
000988,华工科技,3.49,60.34,1052.72,8.81,1.77,104.75,,0
001207,联科科技,2.17,17.91,51.03,2.19,3.2,17.44,,0
001229,魅视科技,5.4,103.02,28.93,5.63,-2.15,39.22,,0
001211,双枪科技,3.15,-58478.68,22.35,2.77,2.18,23.94,,0
001223,欧克科技,2.73,-502.34,28.69,2.83,4.24,41.08,,0
001256,炜冈科技,3.77,13.84,25.2,2.41,2.97,23.57,,0
001231,农心科技,3.91,30.82,11.35,2.13,0.86,22.28,,0
001237,惠康科技,2.84,20.9,18.09,2.26,0.0,51.91,,0
001266,宏英智能,4.47,83.85,20.05,3.71,-0.49,34.48,,0
001268,联合精密,7.18,-416.7,24.45,4.0,0.43,25.92,,0
001259,利仁科技,2.05,326.77,22.82,4.9,4.69,48.0,,0
001270,铖昌科技,2.91,153.56,208.69,13.28,2.21,101.9,,0
001278,一彬科技,2.35,-13.84,14.18,1.86,2.28,16.62,,0
001269,欧晶科技,0.87,-15.04,37.71,5.9,0.51,19.6,,0
001301,尚太科技,1.84,24.52,151.52,2.95,-1.02,58.25,,0
001283,豪鹏科技,4.03,26.86,49.11,1.7,3.13,47.5,,0
001306,夏厦精密,4.04,-37.92,8.46,2.73,2.44,54.58,,0
001308,康冠科技,0.32,29.47,96.24,1.64,0.88,18.25,,0
001311,多利科技,2.47,28.83,31.9,1.48,1.21,17.54,,0
001314,亿道信息,3.46,30.39,66.03,3.38,5.26,53.21,,0
001336,楚环科技,6.05,46.65,12.15,2.42,-0.68,18.9,,0
001324,长青科技,4.37,92.37,26.77,2.32,-3.24,19.4,,0
001335,信凯科技,2.24,39.04,8.33,3.03,0.4,32.62,,0
001379,腾达科技,2.88,55.46,10.98,2.17,1.49,16.31,,0
001339,智微智能,5.34,58.19,131.85,9.83,5.45,81.44,,0
001365,天海电子,3.42,29.76,20.03,2.45,0.0,34.83,"河南板块板块当日异动 | 河南板块资金流向明... | 新股频道-提供新股申购,新股发行一览表,新股申购新规等投资行情... | 新股数据解析 _ 数据中心 _ 东方财富网 | 河南A股上市公司半年报出炉,20家净利翻倍",5
001380,华纬科技,0.57,17.98,40.91,2.36,0.86,17.58,,0
001388,信通电子,6.33,51.54,27.85,3.63,4.07,22.26,,0
001389,广合科技,3.92,51.98,247.93,10.09,4.38,162.73,,0
001400,江顺科技,14.18,81.78,27.3,5.59,6.35,84.74,,0
001396,誉帆科技,9.62,31.03,7.3,2.41,-6.05,32.13,,0
002006,精工科技,0.95,35.94,70.47,3.0,0.89,13.56,,0
002008,大族激光,6.05,49.88,922.1,4.62,10.0,96.38,,0
002031,巨轮智能,2.28,-45.79,114.59,6.03,0.39,5.21,,0
002036,联创电子,4.64,-5.42,75.36,11.23,5.31,7.14,,0
002045,国光电器,6.25,-20.55,51.91,1.25,1.54,9.24,,0
002052,同洲电子,1.67,-669.78,61.08,23.77,-0.23,8.86,,0
002053,云南能投,0.55,36.93,85.81,1.13,-1.38,9.32,,0
002059,云南旅游,1.2,-12.76,46.45,4.99,0.21,4.69,,0
002063,远光软件,1.21,35.02,97.12,2.63,1.1,5.49,,0
002065,东华软件,1.77,49.61,207.97,1.83,1.73,7.06,,0
002080,中材科技,2.26,44.17,895.28,4.39,1.79,53.35,,0
002066,瑞泰科技,1.12,-51.42,51.21,8.58,-0.63,22.17,,0
002090,金智科技,1.38,53.78,37.67,2.43,0.53,9.46,,0
002112,三变科技,3.0,570.74,39.91,5.15,0.46,15.23,,0
002097,山河智能,1.0,166.51,78.01,1.69,-0.68,7.27,,0
002093,国脉科技,0.75,-431.24,69.82,1.86,1.02,6.93,,0
002115,三维通信,8.67,257.4,82.54,4.29,4.05,11.06,,0
002121,科陆电子,2.0,-14.91,71.13,43.23,1.61,5.04,,0
002119,康强电子,7.43,74.46,89.58,6.23,2.67,23.87,,0
002132,恒星科技,5.78,77.21,62.82,1.79,0.45,4.49,,0
002123,梦网科技,2.6,-20.35,58.87,4.48,1.11,8.17,,0
002138,顺络电子,4.1,41.09,383.56,6.15,1.83,50.05,,0
002153,石基信息,1.39,-123.95,126.38,3.28,1.67,7.9,,0
002140,东华科技,0.75,12.05,65.04,1.34,-0.86,9.2,,0
002148,北纬科技,2.39,1560.54,29.0,2.92,1.9,6.43,,0
002157,正邦科技,1.41,-18.82,235.19,2.75,0.0,3.02,,0
002174,游族网络,2.38,-80.71,116.83,2.51,0.51,11.93,,0
002169,智光电气,3.08,44.76,102.04,3.74,10.01,13.41,,0
002178,延华智能,1.4,-426.91,33.31,7.82,0.43,4.68,,0
002179,中航光电,0.79,40.16,738.99,3.05,0.2,35.25,,0
002180,奔图科技,0.46,-76.41,236.04,2.66,0.47,17.15,,0
002195,岩山科技,1.71,432.43,362.78,3.7,1.1,6.46,,0
002185,华天科技,4.42,43.72,567.09,2.98,0.77,17.05,,0
002190,成飞集成,4.29,-105.25,92.55,2.65,-0.73,25.8,,0
002197,证通电子,3.68,-12.72,37.27,2.4,1.75,6.98,,0
002202,金风科技,1.9,24.66,616.87,1.97,-0.38,18.34,,0
002199,东晶电子,2.05,-89.79,29.39,18.46,1.11,12.73,,0
002222,福晶科技,5.72,100.14,330.05,17.48,3.45,70.5,,0
002214,大立科技,1.72,-42.75,73.68,7.47,3.08,15.4,,0
002232,启明信息,1.07,176.17,59.48,4.19,0.76,14.56,,0
002238,天威视讯,1.25,-25.49,53.85,2.79,2.29,6.71,,0
002257,立立电子,,18.89,,4.68,0.0,21.81,,0
002250,联化科技,1.85,26.68,134.4,1.95,-3.41,15.01,,0
002279,久其软件,11.09,63.1,55.49,4.08,-1.13,6.97,,0
002261,拓维信息,2.22,595.56,293.4,12.35,0.39,25.6,,0
002273,水晶光电,2.13,31.05,364.88,3.64,2.26,26.71,,0
002289,宇顺电子,1.55,40.07,106.07,21.82,1.68,38.65,,0
002281,光迅科技,3.56,128.82,1414.07,10.3,3.62,179.9,,0
002291,遥望科技,6.77,-21.06,47.45,1.76,5.0,5.46,,0
002297,博云新材,6.17,47.49,106.2,4.62,1.76,18.53,,0
002306,ST云网,1.8,-30.59,17.55,32.64,2.37,2.16,,0
002296,辉煌科技,1.82,20.71,31.51,1.42,0.44,9.07,,0
002326,永太科技,2.83,102.78,152.37,5.87,-1.68,18.77,,0
002315,焦点科技,2.52,22.62,67.81,3.84,0.98,25.68,,0
002313,日海智能,4.87,-19.35,32.87,38.19,4.03,8.78,,0
002337,赛象科技,1.32,82.2,28.1,2.1,0.84,4.78,,0
002331,皖通科技,6.22,-8.77,29.15,2.2,4.02,7.25,,0
002335,科华数据,2.89,40.74,203.33,3.54,0.65,30.82,,0
002338,奥普光电,1.78,94.75,104.21,5.4,1.83,43.42,,0
002339,积成电子,2.39,812.66,35.86,2.18,0.54,7.49,,0
002362,汉王科技,4.96,-17.93,34.33,4.67,4.16,16.53,,0
002369,卓翼科技,4.09,-14.59,35.83,25.22,0.48,6.32,,0
002373,千方科技,2.9,162.76,110.48,1.11,5.11,8.02,,0
002384,东山精密,3.17,101.16,2744.92,14.88,1.22,198.0,,0
002409,雅克科技,5.83,65.25,453.48,8.47,0.22,142.37,,0
002420,毅昌科技,3.33,12.92,25.24,3.08,3.14,6.25,,0
002421,达实智能,8.37,-12.19,68.21,2.62,2.76,3.35,,0
002428,云南锗业,7.78,910.09,657.58,43.03,1.04,100.7,,0
002436,兴森科技,6.44,282.55,546.61,10.85,0.64,36.01,,0
002426,胜利精密,1.68,-10.85,88.16,6.16,1.47,2.76,最新报道_2011年上市公司年报_财经_中国网 | 《习近平关于基层工作方法论述摘编》出版发行 | 进发!向着更加光明的未来 | 山东财经前沿——中国新闻网山东 | 深蓝梦想从这里启航(强军路上),5
002444,巨星科技,0.61,14.2,346.56,1.87,-0.66,30.21,,0
002442,龙星科技,3.51,100.11,26.15,1.43,1.33,5.32,,0
002446,盛路通信,1.81,159.97,71.89,3.18,1.8,8.48,,0
002449,国星光电,1.88,-47.68,41.19,1.1,0.45,6.66,,0
002453,华软科技,1.38,-15.34,29.45,5.25,0.44,4.58,,0
002459,晶澳科技,2.39,-4.92,230.48,1.2,-4.52,6.97,,0
002465,海格通信,1.84,-26.1,252.74,2.28,0.99,10.2,,0
002474,榕基软件,3.65,-60.09,34.22,3.05,0.47,6.37,,0
002475,立讯精密,1.29,25.05,4220.71,4.79,1.8,57.62,,0
002491,通鼎互联,13.51,126.68,261.41,10.23,-0.04,22.22,,0
002506,协鑫集成,6.16,-12.21,154.88,22.21,-5.02,2.65,,0
002516,旷达科技,0.67,36.54,79.6,2.12,0.18,5.45,,0
002517,恺英网络,4.17,15.4,322.67,3.5,3.43,17.17,,0
002519,银河电子,2.23,-129.02,63.59,2.87,2.72,5.66,,0
002530,金财互联,1.74,76.46,52.36,4.26,0.54,7.41,,0
002539,云图控股,2.66,16.07,121.28,1.67,-1.37,13.63,,0
002544,普天科技,1.1,528.64,110.98,3.0,0.68,16.31,,0
002540,亚太科技,1.69,21.91,44.88,1.18,1.16,5.23,,0
002546,新联电子,1.33,7.91,64.1,1.61,0.63,8.0,,0
002558,巨人网络,3.29,16.71,521.7,3.1,0.62,27.45,,0
002552,宝鼎科技,7.56,86.04,194.68,12.51,-0.68,52.83,,0
002562,兄弟科技,3.34,44.26,40.52,1.56,-0.6,4.98,,0
002577,雷柏科技,2.14,-1088.72,55.52,4.73,5.21,19.78,,0
002564,天沃科技,0.85,-178.88,38.82,35.51,0.0,4.52,,0
002579,中京电子,8.77,-111.35,85.65,3.91,2.09,14.68,,0
002587,奥拓电子,2.3,226.63,29.99,2.82,1.62,5.63,,0
002590,万安科技,2.03,24.32,50.03,1.7,3.58,10.12,,0
002595,豪迈科技,1.34,21.84,505.43,4.12,-7.47,43.87,,0
002609,捷顺科技,1.41,78.39,36.35,2.14,1.8,7.91,,0
002605,姚记科技,2.23,17.06,59.09,1.94,1.75,17.46,,0
002617,露笑科技,2.31,67.03,116.22,1.82,-0.16,6.19,,0
002625,光启技术,0.63,99.32,615.78,6.27,0.63,28.58,,0
002635,安洁科技,4.87,49.44,63.25,1.8,3.7,15.99,,0
002637,赞宇科技,5.45,25.08,55.63,1.52,-3.31,11.97,,0
002642,荣联科技,1.32,282.16,48.16,4.04,0.97,7.28,,0
002645,华宏科技,3.0,31.3,132.1,3.37,1.41,19.42,,0
002649,博彦科技,3.01,114.2,57.87,1.42,0.71,9.89,,0
002654,万润科技,6.02,254.59,119.01,7.51,3.0,14.08,,0
002674,兴业科技,4.12,64.95,72.56,3.01,-0.36,24.8,,0
002681,奋达科技,7.5,-93.85,79.39,4.23,7.91,5.05,,0
002715,登云股份,2.87,-130.9,19.84,4.29,-0.42,14.38,,0
002690,美亚光电,1.05,19.41,68.71,5.52,-1.05,16.09,,0
002729,好利科技,1.92,84.16,24.32,4.47,0.29,13.86,"好利科技(002729.SZ) | 好利科技股票_数据_资料_信息 — 东方财富网 | 好利科技(002729) | ST板块指数800003 | 好利科技(002729)2026年中报简析:增收不增利,公司应收账款体...",5
002730,电光科技,1.96,147.68,82.77,5.31,-0.17,23.92,,0
002741,光华科技,4.05,84.43,109.96,5.91,1.39,25.57,,0
002765,蓝黛科技,1.96,67.66,42.25,1.78,0.14,7.09,,0
002767,先锋电子,1.4,99.1,24.15,3.19,0.87,18.54,,0
002779,中坚科技,2.41,126.25,129.02,16.49,4.85,77.81,,0
002796,世嘉科技,3.08,-146.85,69.75,9.29,3.13,30.63,,0
002813,路畅科技,1.09,-37.14,25.69,12.69,2.05,21.43,,0
002815,崇达技术,5.04,71.49,114.63,2.05,0.41,14.75,,0
002823,凯中精密,1.44,19.14,29.35,2.07,0.92,13.16,,0
002831,裕同科技,1.72,21.58,191.27,3.03,1.44,26.78,,0
002849,威星智能,3.28,83.3,41.11,2.98,0.37,18.8,,0
002855,捷荣技术,14.49,-11.97,39.64,21.43,9.97,16.1,,0
002859,洁美科技,4.39,119.38,292.03,8.1,4.01,68.18,,0
002866,传艺科技,2.42,66.83,27.68,2.08,1.07,15.06,,0
002869,金溢科技,3.23,-19.09,26.81,1.5,4.64,16.92,,0
002877,智能自控,1.88,164.03,18.06,2.2,1.21,7.51,,0
002879,长缆科技,3.37,26.3,22.59,1.72,0.12,16.47,,0
002881,美格智能,9.64,82.46,82.18,4.91,10.0,44.9,,0
002888,惠威科技,5.51,145.92,14.86,7.91,2.9,19.84,,0
002908,德生科技,1.7,-119.48,23.65,2.96,1.54,7.27,,0
002916,深南电路,1.23,60.33,2454.46,13.94,1.84,369.08,,0
002921,联诚精密,7.53,2261.81,29.9,2.64,10.0,23.22,,0
002925,盈趣科技,1.2,23.26,171.29,3.46,0.99,23.43,,0
002935,天奥电子,1.11,102.53,66.33,4.24,1.72,15.98,,0
002951,金时科技,0.88,-28.67,63.18,4.22,-1.75,15.75,,0
002952,亚世光电,13.38,177.48,28.75,4.0,-1.61,21.44,,0
002937,兴瑞科技,2.39,74.59,96.29,4.92,-3.02,30.55,,0
002957,科瑞技术,3.44,56.27,174.75,5.3,2.25,41.72,,0
002962,五方光电,3.25,158.22,27.62,2.19,2.01,13.2,,0
002955,鸿合科技,2.63,457.24,73.13,2.62,5.74,35.56,,0
002976,瑞玛精密,4.94,-185.99,31.02,3.46,4.13,25.48,,0
002970,锐明技术,1.92,30.91,64.04,4.08,-0.12,48.68,,0
002965,祥鑫科技,4.63,362.08,75.0,2.0,2.67,31.52,,0
002990,盛视科技,6.1,76.48,67.68,4.99,4.79,49.04,,0
002979,雷赛智能,4.71,60.19,127.32,9.18,1.31,57.15,,0
002981,朝阳科技,1.69,114.05,29.18,3.14,1.18,24.0,,0
002992,宝明科技,1.16,1975.32,54.4,8.54,1.54,34.38,,0
002993,奥海科技,2.57,46.25,92.68,2.3,2.75,38.87,,0
003007,直真科技,2.58,134.45,28.74,3.12,1.49,39.6,,0
003018,金富科技,7.93,105.14,140.49,9.07,10.0,49.38,,0
003019,宸展光电,3.68,27.79,47.38,2.85,1.93,27.4,,0
003015,日久光电,1.44,37.22,30.66,3.07,1.47,12.41,,0
003025,思进智能,2.56,23.56,28.37,2.81,0.48,12.53,,0
003026,中晶科技,3.68,93.38,42.34,8.05,0.17,29.29,,0
003027,同兴科技,1.56,56.77,17.71,1.32,2.13,17.23,,0
003031,中瓷电子,2.58,84.54,433.67,9.03,0.66,127.49,,0
003028,振邦智能,1.16,89.73,16.35,1.93,1.23,23.13,,0
003043,华亚智能,5.2,127.34,78.27,6.17,0.6,83.25,,0
300011,鼎汉技术,0.8,-94.12,31.34,2.46,0.33,6.15,,0
300017,网宿科技,10.42,52.69,387.15,4.01,6.86,16.36,,0
300007,汉威科技,2.16,62.04,89.89,3.48,1.96,31.79,,0
300019,硅宝科技,1.0,26.68,53.97,2.15,0.07,14.64,,0
300031,宝通科技,3.18,34.19,75.87,2.15,0.0,21.16,,0
300022,吉峰科技,2.86,-136.13,40.53,7.9,-2.38,8.2,,0
300036,超图软件,2.34,-56.34,47.67,2.12,1.9,10.71,,0
300042,朗科科技,4.04,57.88,81.07,7.17,2.17,40.46,,0
300051,琏升科技,2.5,-24.74,30.6,29.57,-0.95,8.32,,0
300075,数字政通,1.83,-18.54,57.29,2.14,1.39,10.92,,0
300061,旗天科技,3.85,-42.81,37.94,9.49,1.14,6.22,,0
300073,当升科技,2.46,26.07,203.96,1.46,-1.8,40.31,,0
300079,数码视讯,4.3,174.77,62.02,1.68,5.26,4.8,,0
300084,海默科技,1.39,-96.73,52.28,4.49,-0.48,10.41,,0
300077,国民技术,6.66,-190.5,118.94,8.04,2.76,20.85,,0
300101,振芯科技,1.04,-175.89,82.01,4.67,1.26,14.5,,0
300088,长信科技,3.23,178.88,177.46,2.07,2.15,7.14,,0
300097,智云股份,10.77,-16.04,28.31,14.32,6.98,10.73,,0
300113,顺网科技,4.76,27.46,85.92,4.34,3.69,16.88,,0
300102,乾照光电,1.49,123.15,166.48,3.83,0.94,18.18,,0
300105,龙源技术,3.93,-73.56,40.16,2.25,2.23,7.79,,0
300128,锦富技术,2.42,-19.84,65.38,18.17,3.28,5.04,,0
300115,长盈精密,4.1,108.9,335.96,4.05,4.08,24.75,,0
300124,汇川技术,0.84,34.25,1491.41,4.55,-0.29,61.87,,0
300139,晓程科技,22.44,86.73,121.81,12.4,-5.18,52.13,,0
300134,大富科技,1.97,-25.18,67.08,1.87,2.94,8.74,,0
300136,信维通信,4.73,84.92,504.99,7.39,1.44,61.21,,0
300162,雷曼光电,5.05,-44.44,26.86,3.83,2.88,7.85,,0
300168,万达信息,1.26,-17.32,73.27,7.99,2.62,5.09,,0
300151,昌红科技,3.95,165.01,61.57,5.81,3.92,16.7,,0
300170,汉得信息,9.63,74.83,168.73,3.04,1.98,16.97,,0
300176,鸿特科技,2.23,191.65,25.03,1.76,-0.63,4.71,,0
300184,力源信息,3.61,38.18,130.47,3.07,1.39,12.43,,0
300188,国投智能,1.14,-10.83,89.32,3.78,-0.48,10.44,,0
300193,佳士科技,1.71,21.62,34.08,1.67,1.75,8.15,,0
300203,聚光科技,1.01,-21.75,58.29,2.26,-0.76,13.0,,0
300220,金运激光,1.87,-381.41,17.38,29.62,2.31,11.51,,0
300221,银禧科技,2.96,42.43,64.68,4.37,1.82,14.0,,0
300209,行云科技,8.46,-443.31,259.05,34.46,4.0,34.87,,0
300232,洲明科技,2.47,-238.74,50.11,1.33,3.11,5.64,,0
300222,科大智能,2.25,82.08,66.91,4.38,1.08,10.26,,0
300231,银信科技,2.52,129.01,37.45,2.36,0.48,8.42,,0
300242,佳云科技,2.51,-131.56,26.14,11.12,1.73,4.12,,0
300241,瑞丰光电,2.98,47.63,35.43,1.8,1.72,5.9,,0
300235,方直科技,3.15,131.37,22.84,3.97,2.39,11.15,,0
300258,精锻科技,0.97,137.46,54.2,1.19,0.42,9.51,,0
300256,星星科技,2.33,-123.46,65.73,7.39,1.38,2.93,,0
300250,初灵信息,4.91,85.79,24.82,6.05,3.55,15.75,,0
300259,新天科技,1.99,26.58,51.27,1.71,0.68,4.44,,0
300263,隆华科技,4.2,55.32,104.28,2.63,0.66,10.69,,0
300264,佳创视讯,3.81,-72.14,24.0,2158.09,-0.46,6.48,,0
300269,联建光电,2.84,-178.23,26.7,36.71,2.01,5.08,,0
300270,中威电子,3.26,-350.82,35.16,6.3,2.02,11.61,,0
300271,华宇软件,4.06,-28.59,47.93,1.37,4.75,5.96,,0
300274,阳光电源,6.95,17.27,1452.59,3.78,-6.34,91.5,,0
300276,三丰智能,1.4,-46.82,68.15,5.06,0.47,6.43,,0
300277,汽轮科技,3.98,184.75,95.15,1.94,4.19,12.43,,0
300288,朗玛信息,1.46,-340.19,26.17,3.19,1.4,10.15,,0
300279,和晶科技,2.3,76.9,28.36,2.71,1.22,5.82,,0
300302,同有科技,7.41,64.9,112.52,11.29,-0.88,30.28,,0
300306,远方信息,1.61,40.65,16.74,1.97,0.66,10.62,,0
300303,聚飞光电,2.88,37.84,94.47,2.72,-1.11,7.11,,0
300304,云意电气,1.09,24.2,96.93,2.87,0.71,11.37,,0
300315,掌趣科技,2.57,-64.74,109.12,2.37,1.26,4.03,,0
300319,麦捷科技,16.0,58.61,178.77,3.77,0.43,21.0,,0
300323,华灿光电,5.88,-60.95,107.3,2.96,1.95,12.04,,0
300324,旋极信息,1.82,-13.15,61.73,2.64,2.27,3.61,,0
300328,宜安科技,13.83,-232.87,120.38,11.68,-1.63,17.5,,0
300327,中颖电子,3.85,95.63,85.52,4.78,4.21,25.24,,0
300334,津膜科技,2.45,-59.9,24.46,4.55,-0.61,8.1,,0
300339,润和软件,2.19,240.42,281.29,7.87,0.95,36.17,,0
300333,兆日科技,14.39,142.16,41.38,6.75,-4.48,12.36,,0
300346,南大光电,4.25,105.0,369.86,10.9,0.38,55.87,,0
300349,金卡智能,1.3,20.37,38.38,0.97,0.97,10.38,,0
300348,长亮科技,2.22,-1646.78,73.26,3.86,-0.3,10.03,,0
300353,东土科技,1.86,77.79,99.41,5.1,-1.13,18.39,,0
300360,炬华科技,0.9,14.92,57.96,1.43,0.0,11.58,,0
300358,楚天科技,3.32,15.47,62.87,1.14,-1.44,8.92,,0
300370,安控科技,1.13,-25.07,34.82,8.53,-1.33,2.23,,0
300365,恒华科技,1.47,-10.82,24.51,1.84,0.84,4.79,,0
300369,绿盟科技,8.33,-2202.05,61.01,2.41,4.43,7.55,,0
300373,扬杰科技,2.93,35.47,505.39,5.05,-1.28,93.22,,0
300387,富邦科技,4.43,41.97,22.31,1.54,-2.77,7.72,,0
300380,安硕信息,2.28,146.42,37.67,4.86,-1.13,29.64,,0
300399,天利科技,2.56,2909.43,37.6,7.42,-0.21,19.03,,0
300409,道氏技术,2.4,25.1,126.57,1.76,-0.82,18.18,,0
300394,天孚通信,2.64,123.54,2862.46,45.91,-0.22,263.0,,0
300423,昇辉科技,2.04,-10.66,19.3,2.68,-0.17,5.79,,0
300410,正业科技,5.17,72.17,30.32,10.66,2.61,8.26,,0
300412,迦南科技,1.79,116.03,22.04,2.3,0.86,4.71,,0
300440,运达科技,4.93,146.92,89.84,5.41,4.13,20.42,,0
300433,蓝思科技,1.91,59.53,1933.73,3.89,1.83,38.93,,0
300424,航新科技,6.56,-44.6,35.06,4.86,3.72,13.67,,0
300448,浩云科技,2.06,-141.61,36.62,3.24,1.78,5.73,,0
300450,先导智能,2.99,31.63,524.27,3.13,0.54,33.62,,0
300442,润泽科技,1.66,20.23,1083.51,7.5,4.91,66.22,,0
300456,赛微电子,11.38,7.06,240.58,3.26,-0.35,40.26,,0
300457,赢合科技,1.73,22.19,134.89,1.93,-0.47,21.25,,0
300458,全志科技,10.45,57.0,276.08,9.67,9.39,33.91,,0
300466,赛摩智能,1.26,-264.37,34.82,5.78,1.48,7.56,,0
300467,迅游科技,2.99,308.55,60.26,11.24,3.5,36.06,,0
300469,信息发展,3.0,-73.87,130.29,65.53,-3.56,52.51,,0
300479,神思电子,2.03,67.09,29.83,5.61,0.87,15.15,,0
300476,胜宏科技,3.53,47.55,2103.63,6.3,0.64,243.14,,0
300480,光力科技,4.46,130.3,81.38,6.49,1.39,31.42,,0
300486,东杰智能,1.8,337.58,87.05,5.13,-1.99,18.25,,0
300489,光智科技,11.52,-502.37,330.43,42.89,2.42,239.75,,0
300487,蓝晓科技,1.29,36.72,193.96,7.01,-0.35,62.97,,0
300490,华自科技,5.63,-804.36,43.88,1.98,-2.79,11.17,,0
300491,通合科技,11.44,238.64,54.53,5.08,9.15,34.6,,0
300493,润欣科技,2.84,95.23,67.33,5.7,3.83,13.29,,0
300515,三德科技,1.5,15.87,32.72,3.55,0.43,16.19,,0
300494,盛天网络,2.91,-27.22,32.78,3.05,4.05,8.23,,0
300513,恒实科技,1.8,-3.71,23.73,4.57,1.75,7.57,,0
300523,辰安科技,3.18,-23.23,47.95,5.16,3.83,20.61,,0
300522,世名科技,5.96,694.42,38.05,5.98,3.59,14.43,,0
300525,博思软件,2.21,37.25,51.08,2.57,1.72,8.3,,0
300530,领湃科技,2.78,-47.84,32.72,37.41,3.03,19.03,,0
300533,冰川网络,2.66,38.63,33.98,3.79,3.01,14.71,,0
300539,横河精密,2.21,108.26,40.37,4.32,1.65,18.53,,0
300546,雄帝科技,6.82,286.85,24.02,2.9,-1.58,17.41,,0
300543,朗科智能,2.45,-56.89,20.07,1.78,1.91,8.02,,0
300542,新晨科技,4.88,-384.75,32.3,7.07,1.02,12.82,,0
300547,川环科技,5.74,33.25,49.31,4.41,5.89,27.67,,0
300549,优德精密,2.7,300.03,15.29,3.65,3.24,14.98,,0
300550,和仁科技,6.53,182.33,35.68,3.21,15.45,13.6,,0
300561,汇金科技,8.79,-230.07,40.11,9.33,-0.42,16.64,,0
300551,古鳌科技,8.17,23.02,37.28,6.04,2.06,11.39,,0
300552,万集科技,5.08,-41.18,30.09,2.69,2.68,21.81,,0
300565,科信技术,2.92,-32.08,23.19,4.98,1.4,10.16,,0
300567,精测电子,3.36,468.99,492.52,10.9,0.61,216.92,,0
300566,激智科技,10.71,34.92,61.18,2.81,-3.23,26.99,,0
300579,数字认证,2.3,-119.48,61.21,8.35,0.74,23.29,,0
300578,会畅科技,7.98,-63.37,33.2,2.93,11.3,16.75,,0
300571,平治信息,7.61,-18.97,35.06,3.47,5.53,30.32,,0
300588,熙菱信息,5.98,-99.75,40.65,18.32,7.43,22.99,,0
300585,奥联电子,3.4,-33.06,28.58,4.57,-2.45,16.7,,0
300587,天铁科技,5.05,-55.35,52.84,2.86,4.15,5.02,,0
300598,诚迈科技,8.83,-107.71,74.15,5.17,1.76,34.18,,0
300590,移为通信,4.26,40.38,41.18,2.81,2.04,11.51,,0
300597,吉大通信,1.86,-26.64,21.89,2.37,1.77,8.06,,0
300600,国瑞科技,1.41,-58.42,30.04,2.54,-0.49,10.21,,0
300603,立昂技术,3.77,-23.32,30.14,3.01,2.03,8.06,,0
300599,雄塑科技,4.32,-71.2,36.84,2.14,2.74,11.62,雄塑科技(300599)历史资金流向一览 | 雄塑科技(300599) | 雄塑科技(300599.SZ) | 雄塑科技(300599)盘口异动_行情_走势图—东方财富网 | (300599) 雄塑科技:拟披露中报,5
300605,恒锋信息,7.15,-26.55,13.35,4.23,3.63,10.56,,0
300604,长川科技,2.75,96.43,1365.79,20.65,0.69,279.03,,0
300609,汇纳科技,2.03,-21.41,30.67,3.57,0.08,25.58,,0
300611,美力科技,5.72,29.69,37.97,4.19,2.89,25.6,,0
300615,欣天科技,11.35,-43.92,22.93,6.42,0.88,14.98,,0
300620,光库科技,4.8,290.95,789.0,35.21,2.93,319.0,,0
300628,亿联网络,1.91,18.18,300.51,5.7,2.99,41.4,,0
300624,万兴科技,11.28,-93.42,88.87,10.43,9.91,51.9,,0
300648,星云股份,1.64,-36.39,54.71,5.88,3.81,40.29,,0
300656,民德电子,2.73,-26.67,34.6,5.61,0.83,25.64,,0
300657,弘信电子,7.01,82.78,178.14,11.51,7.37,37.29,,0
300659,中孚信息,3.3,-23.13,19.08,2.41,-1.13,10.46,,0
300666,江丰电子,5.5,85.64,540.5,9.24,1.78,244.08,,0
300663,科蓝软件,7.77,-8.69,38.81,14.68,-0.94,8.43,,0
300667,必创科技,3.15,-32.94,26.51,2.94,2.54,14.95,,0
300670,大烨智能,8.16,-14.34,16.07,5.14,6.24,7.15,,0
300674,宇信科技,2.91,23.12,120.25,2.57,-0.06,17.1,,0
300678,中科信息,1.3,411.33,65.66,7.88,1.49,22.43,,0
300679,电连技术,6.23,90.96,179.27,4.21,-0.84,49.87,,0
300682,朗新科技,1.09,-99.37,99.26,1.62,0.52,9.6,,0
300680,隆盛科技,2.22,26.96,45.79,2.96,-0.34,20.23,,0
300684,中石科技,10.08,79.71,193.32,13.66,3.17,94.5,,0
300690,双一科技,12.63,21.05,27.56,2.45,3.35,24.7,,0
300687,赛意信息,8.9,-176.99,100.96,4.51,12.0,30.06,,0
300691,联合光电,2.07,109.59,33.55,2.5,1.88,15.2,,0
300698,万马科技,2.2,75.03,32.37,6.56,2.51,26.93,,0
300692,中赋科技,3.13,69.95,47.65,1.59,1.45,9.07,,0
300709,精研科技,23.25,-582.88,72.38,4.04,16.16,48.3,,0
300710,万隆光电,6.69,-107.72,23.28,7.24,1.89,31.21,,0
300708,聚灿光电,2.54,46.63,58.3,2.61,2.26,8.16,,0
300720,海川智能,8.84,768.2,132.33,24.06,-1.84,71.86,,0
300725,药石科技,7.13,49.88,91.12,2.31,-1.21,44.95,,0
300711,广哈通信,2.43,62.18,45.76,3.44,-0.05,18.42,,0
300735,光弘科技,1.79,69.38,159.64,3.08,2.24,20.99,,0
300726,宏达电子,5.39,53.28,117.68,4.59,4.06,54.88,,0
300730,科创信息,2.42,-22.86,24.17,21.0,0.26,11.69,,0
300736,百邦科技,2.28,-146.68,37.72,60.68,0.87,30.2,,0
300738,奥飞数据,4.46,83.35,200.82,5.48,-0.88,20.39,,0
300739,明阳电路,2.71,98.93,71.32,3.17,3.47,23.54,,0
300747,锐科激光,5.95,90.13,207.54,6.31,5.8,39.76,,0
300745,欣锐科技,4.79,-158.65,41.39,2.19,2.43,29.1,,0
300752,隆利科技,4.55,93.4,26.01,2.95,3.83,11.65,,0
300768,迪普科技,1.75,47.99,63.18,2.74,0.6,15.02,,0
300767,震安科技,3.43,-56.58,47.02,3.54,4.26,19.6,,0
300763,锦浪科技,3.42,43.47,198.78,2.65,-1.18,61.81,,0
300771,智莱科技,2.43,24.96,22.46,1.43,0.17,11.88,,0
300777,中简科技,1.18,178.63,99.24,2.29,1.14,23.03,,0
300776,帝尔激光,3.29,66.15,207.25,6.68,2.83,115.58,,0
300793,佳禾智能,2.27,-25.3,44.02,1.61,4.05,11.83,,0
300786,国林科技,6.23,-148.82,22.37,2.54,1.67,15.25,,0
300784,利安科技,3.77,60.58,7.16,2.93,1.03,42.27,,0
300800,力合科技,1.35,50.74,24.34,1.2,0.87,10.39,,0
300801,泰和科技,2.83,31.93,31.86,1.9,-0.43,23.16,,0
300802,矩子科技,5.61,68.56,49.84,4.66,4.9,24.63,,0
300807,天迈科技,2.33,-64.94,20.15,6.0,0.0,38.8,,0
300823,建科智能,5.42,36.28,13.14,2.09,0.07,15.15,,0
300814,中富电路,2.87,513.7,261.88,16.02,1.95,136.8,,0
300828,锐新科技,4.0,101.37,15.88,3.54,1.27,16.75,,0
300835,龙磁科技,3.22,127.08,138.15,13.96,3.68,165.3,,0
300829,金丹科技,2.18,48.6,25.47,1.41,0.2,15.15,,0
300853,申昊科技,4.03,-22.87,27.9,8.59,5.03,28.38,,0
300840,酷特智能,9.46,124.17,35.77,3.79,9.57,20.15,,0
300836,佰奥智能,3.4,46.17,32.03,7.33,3.02,50.48,,0
300857,协创数据,4.73,50.2,1278.66,21.29,3.87,263.7,,0
300862,蓝盾光电,10.67,-151.98,76.24,4.74,-1.14,50.33,,0
300872,天阳科技,2.3,-59.07,65.96,2.13,-0.76,15.63,,0
300880,迦南智能,3.85,80.83,39.98,3.75,-1.16,20.49,,0
300882,万胜智能,0.65,51.57,38.08,3.23,0.35,14.3,,0
300891,惠云钛业,2.17,-50.72,25.48,2.5,-0.65,7.64,,0
300895,铜牛信息,7.66,-97.16,37.25,10.59,3.21,54.6,,0
300907,康平科技,4.69,137.23,51.5,6.42,6.79,53.65,,0
300897,山科智能,2.45,759.41,19.64,3.28,2.52,16.3,,0
300916,朗特智能,3.9,73.0,26.39,2.81,-1.46,25.7,,0
300915,海融科技,5.07,-295.27,12.05,1.76,-0.14,20.92,,0
300911,亿田智能,16.96,-31.64,45.63,4.58,20.01,26.63,,0
300925,法本信息,1.6,72.34,51.55,2.81,0.89,14.75,,0
300920,润阳科技,2.33,287.62,28.7,3.67,3.26,33.24,,0
300921,南凌科技,4.68,119.28,26.21,5.04,3.38,16.19,,0
300926,博俊科技,1.35,10.01,53.31,2.11,1.47,17.89,,0
300936,中英科技,13.05,992.65,40.92,6.42,2.46,85.89,,0
300941,创识科技,2.79,134.4,19.41,2.46,-0.07,15.31,,0
300951,博硕科技,2.61,867.98,113.82,5.88,-1.49,75.18,,0
300952,恒辉安防,2.17,58.62,24.57,2.3,1.47,16.54,,0
300953,震裕科技,2.55,31.15,162.26,4.61,0.12,92.71,,0
300964,本川智能,5.07,122.34,52.42,6.15,4.97,60.67,,0
300960,通业科技,1.7,56.66,22.76,3.79,0.0,17.3,,0
300968,格林精密,2.1,-45.29,43.65,2.49,3.43,10.56,,0
300976,达瑞电子,4.52,35.74,71.86,3.04,4.57,59.7,,0
300975,商络电子,10.54,25.64,133.13,6.53,3.54,26.92,,0
300978,东箭科技,0.96,30.2,25.69,2.4,0.67,8.95,,0
300993,玉马科技,1.09,24.25,24.49,1.99,0.8,10.1,,0
301000,肇民科技,1.04,42.75,56.14,4.58,1.2,24.45,,0
300996,普联软件,14.66,82.59,47.51,4.39,2.74,14.26,,0
301003,江苏博云,5.26,57.97,45.84,5.13,-0.67,61.0,,0
301011,华立科技,1.51,-31.12,22.11,2.81,1.34,15.07,,0
301008,宏昌科技,10.63,105.69,47.59,3.47,8.58,41.15,,0
301020,密封科技,1.19,32.52,31.68,3.13,2.03,21.64,,0
301012,扬电科技,2.12,94.86,46.21,3.87,0.82,23.46,,0
301021,英诺激光,5.45,164.38,123.13,11.72,2.01,80.64,,0
301045,天禄科技,3.49,253.02,61.72,7.29,1.45,68.05,,0
301046,能辉科技,5.73,-94.36,32.81,3.89,7.74,25.2,,0
301026,浩通科技,4.24,19.79,33.72,2.7,-2.18,21.07,,0
301051,信濠光电,4.68,-25.5,40.63,2.7,0.95,17.99,,0
301065,本立科技,2.32,27.2,17.47,1.54,1.81,20.25,,0
301049,超越科技,2.35,-16.66,7.56,3.89,1.89,21.01,,0
301083,百胜智能,2.12,136.93,12.35,3.04,1.28,14.2,,0
301099,雅创电子,5.29,29.85,59.67,6.21,2.39,51.9,,0
301067,显盈科技,4.53,-37.52,20.21,3.93,3.27,30.61,,0
301106,骏成科技,4.86,62.34,29.02,2.3,2.84,20.3,,0
301110,青木科技,3.07,28.98,32.23,2.95,1.06,35.37,,0
301107,瑜欣电子,2.93,66.19,18.94,3.5,0.47,23.34,,0
301115,联检科技,4.21,-163.47,46.22,2.31,7.35,30.98,,0
301113,雅艺科技,2.75,268.42,12.71,3.1,3.14,17.74,,0
301112,信邦智能,1.31,-37.12,34.48,3.03,4.62,31.27,,0
301128,强瑞技术,7.82,102.71,156.17,18.5,8.87,122.59,,0
301123,奕东电子,7.19,-351.47,132.45,6.67,6.01,80.25,,0
301121,紫建电子,2.69,-1789.45,27.98,2.17,3.82,36.45,,0
301135,瑞德智能,1.7,285.87,17.86,1.91,1.55,17.72,,0
301132,满坤科技,5.52,57.98,37.18,3.23,4.58,39.24,,0
301129,瑞纳智能,4.87,25.35,16.02,1.77,1.41,23.74,,0
301157,华塑科技,5.72,115.67,12.89,3.38,4.89,62.4,,0
301150,中一科技,7.23,60.49,122.9,3.52,3.45,40.45,,0
301148,嘉戎技术,1.41,149.3,30.49,3.48,-0.44,51.79,,0
301170,锡南科技,2.07,28.8,8.87,1.31,1.66,23.34,,0
301179,泽宇智能,2.61,47.96,48.82,3.33,-0.48,20.56,,0
301165,锐捷网络,2.28,151.1,1417.99,26.57,6.64,127.33,,0
301185,鸥玛软件,2.81,50.67,24.67,2.48,4.03,17.56,,0
301180,万祥科技,1.66,-187.09,20.06,3.79,2.26,12.22,,0
301182,凯旺科技,3.49,-44.24,61.89,10.9,0.03,70.82,,0
301190,善水科技,4.98,40.17,37.19,2.2,-3.17,20.45,,0
301189,奥尼电子,4.61,-116.66,85.53,4.21,-0.66,54.15,,0
301193,家联科技,5.2,-46.98,36.69,2.24,6.92,19.92,,0
301208,中亦科技,2.57,66.55,20.73,2.36,0.85,30.75,,0
301205,联特科技,10.08,517.53,258.54,24.57,-3.72,308.93,,0
301196,唯科科技,6.77,63.28,102.84,4.71,1.39,95.4,,0
301213,观想科技,1.49,452.69,29.75,5.85,1.86,41.1,,0
301210,金杨精密,5.21,46.79,15.23,2.1,2.91,24.75,,0
301218,华是科技,24.17,-223.88,41.69,7.31,20.0,58.14,,0
301221,光庭信息,2.04,1530.71,25.73,1.86,1.52,28.8,,0
301226,祥明智能,2.3,595.71,32.9,3.62,6.18,30.24,,0
301232,飞沃科技,10.51,912.81,66.26,7.97,8.9,105.85,,0
301237,和顺科技,2.59,-27.39,31.84,3.78,0.61,54.66,,0
301248,杰创智能,5.03,-1104.42,67.12,6.03,4.64,59.75,,0
301252,同星科技,2.63,67.38,49.19,4.51,3.31,36.25,,0
301255,通力科技,0.98,135.84,27.27,2.98,2.87,20.4,,0
301261,恒工精密,1.64,46.81,58.85,3.63,2.29,56.27,,0
301265,华新科技,4.0,93.18,47.76,2.8,5.61,19.58,,0
301275,汉朔科技,1.18,31.59,127.23,4.24,0.05,42.29,,0
301278,快可电子,3.74,112.04,15.74,1.83,1.71,29.11,,0
301279,金道科技,1.43,52.79,28.25,2.67,3.54,21.65,,0
301280,珠城科技,1.78,32.29,42.37,4.13,1.02,42.61,,0
301295,美硕科技,7.39,79.87,11.53,4.04,-0.05,39.23,,0
301282,金禄电子,12.42,82.39,64.61,4.4,8.0,36.59,,0
301302,华如科技,2.27,-15.61,29.92,2.36,2.04,21.53,,0
301305,朗坤科技,2.6,19.33,30.83,1.52,0.81,24.79,,0
301311,昆船智能,0.6,-26.37,33.0,1.96,0.0,13.75,,0
301316,慧博云通,2.76,138.5,149.85,14.29,-1.19,38.3,,0
301322,绿通科技,2.9,-900.76,39.88,2.07,1.47,41.45,,0
301320,豪江智能,1.6,-722.27,16.0,2.41,1.97,14.01,,0
301326,捷邦科技,3.01,-143.3,78.81,6.59,5.11,109.34,,0
301328,维峰电子,2.27,90.87,63.43,4.4,2.36,55.08,,0
301329,信音电子,4.99,48.41,13.11,2.15,2.21,19.85,,0
301330,熵基科技,3.26,30.11,52.66,1.77,0.67,25.73,,0
301337,亚华电子,1.83,-160.74,27.12,2.55,3.38,26.61,,0
301336,趣睡科技,3.33,85.42,16.38,2.53,0.2,40.78,,0
301348,蓝箭电子,3.38,-224.11,42.28,3.54,1.96,21.85,,0
301355,南王科技,2.94,-49.31,14.79,1.39,1.16,10.44,,0
301359,东南电子,2.96,60.59,13.2,2.67,2.65,18.56,,0
301360,荣旗科技,8.64,85.32,19.96,3.43,4.14,58.6,,0
301361,众智科技,1.32,33.41,15.42,2.54,1.22,27.37,,0
301362,民爆光电,7.72,125.11,46.61,6.78,1.74,113.83,,0
301366,一博科技,6.25,136.0,67.72,5.5,3.1,57.88,,0
301368,丰立智能,1.44,-141.88,46.92,3.33,3.11,39.07,,0
301369,联动科技,3.33,315.54,75.86,9.1,1.88,138.3,,0
301373,凌玮科技,10.69,85.69,76.98,7.06,-1.01,110.51,,0
301376,致欧科技,3.13,21.84,41.13,2.43,1.19,21.24,,0
301379,天山电子,5.54,60.01,47.93,4.21,2.53,21.92,,0
301389,隆扬电子,4.65,192.21,174.21,7.8,0.11,61.45,,0
301396,宏景科技,9.94,383.22,260.54,30.11,4.47,184.12,,0
301399,英特科技,36.73,372.5,12.81,3.34,5.64,23.42,,0
301418,协昌科技,3.41,1240.47,11.31,1.68,2.23,36.68,,0
301421,波长光电,4.91,185.64,48.81,7.67,1.77,80.38,,0
301456,盘古智能,1.91,37.89,16.32,1.61,1.23,23.81,,0
301458,钧崴电子,5.47,76.77,46.14,6.37,0.87,39.27,,0
301479,弘景光电,2.74,34.93,35.55,4.77,3.14,49.86,,0
301486,致尚科技,5.84,-302.15,130.45,8.9,2.67,178.9,,0
301491,汉桑科技,3.25,28.09,15.2,2.36,2.82,39.74,,0
301499,维科精密,1.08,63.71,35.28,2.7,2.82,25.52,,0
301502,华阳智能,4.36,139.11,12.66,3.67,3.12,53.48,,0
301503,智迪科技,1.73,40.11,12.87,2.18,2.34,22.32,,0
301510,固高科技,3.87,101.92,110.89,7.81,5.08,29.18,,0
301511,德福科技,14.55,182.38,389.04,14.55,7.83,97.59,,0
301512,智信精密,2.38,114.61,15.72,2.39,3.3,32.27,,0
301513,尚水智能,3.96,55.08,9.42,3.59,-1.16,46.75,,0
301525,儒竞科技,1.98,111.45,28.91,1.63,1.68,40.05,,0
301529,福赛科技,3.32,95.33,72.53,9.29,-0.09,114.1,,0
301536,星宸科技,11.84,52.75,246.16,14.29,12.89,131.5,,0
301539,宏鑫科技,1.74,-122.66,11.88,3.03,1.67,15.23,,0
301548,崇德科技,6.82,36.77,17.19,3.24,1.74,58.9,,0
301556,托普云农,7.11,54.26,18.31,5.26,-1.97,62.1,,0
301557,常友科技,2.75,70.17,21.81,5.3,1.62,87.68,,0
301563,云汉芯城,10.98,50.42,24.04,7.9,2.36,125.61,,0
301567,贝隆精密,4.64,-190.4,7.89,3.68,3.02,37.13,,0
301577,美信科技,5.76,-77.74,11.16,3.65,3.55,59.24,,0
301578,辰奕智能,5.51,375.99,7.32,2.79,2.79,24.3,,0
301588,美新科技,7.0,104.78,21.17,3.6,2.6,28.86,,0
301589,诺瓦星云,1.68,21.33,49.74,3.26,0.85,144.31,,0
301595,太力科技,2.91,102.67,16.14,4.73,-3.09,39.53,,0
301599,理奇智能,5.82,61.83,18.98,6.91,-0.34,34.69,,0
301601,惠通科技,2.61,52.57,12.19,1.76,1.1,16.55,,0
301603,乔锋智能,9.3,36.86,51.31,6.18,6.77,135.99,,0
301606,绿联科技,2.35,24.91,85.29,6.01,-0.15,51.69,,0
301607,富特科技,7.6,32.11,63.68,5.18,-1.73,41.95,,0
301611,珂玛科技,5.05,202.04,146.36,23.46,1.42,99.85,,0
301618,长联科技,2.37,134.92,15.83,4.38,0.74,32.88,,0
301628,强达电路,15.06,64.58,29.83,6.49,12.98,102.64,,0
301631,壹连科技,3.92,28.81,28.07,3.17,2.19,64.38,,0
301633,港迪技术,11.58,113.75,15.42,3.76,11.11,60.42,,0
301638,南网数字,3.3,86.48,55.75,6.36,-1.02,22.28,,0
301662,宏工科技,16.8,87.32,33.6,5.76,-4.7,75.35,,0
301669,高特电子,4.5,106.15,22.72,7.67,0.18,27.74,,0
301682,宏明电子,3.64,53.68,28.66,2.74,-0.06,111.58,,0
301696,三瑞智能,5.77,74.82,29.61,19.98,2.5,98.44,,0
600004,白云机场,0.49,17.31,182.0,0.96,-1.03,7.69,,0
600072,中船科技,1.17,-3.93,94.47,1.8,-2.02,8.72,,0
600081,东风科技,0.35,88.41,57.57,1.23,0.0,10.41,,0
600096,云天化,2.81,10.76,573.15,2.26,-0.44,31.44,,0
600143,金发科技,0.98,30.06,370.19,1.91,-0.43,14.05,,0
600152,维科技术,2.18,-46.7,44.28,2.72,0.12,8.37,,0
600155,华创云信,1.77,40.35,137.9,0.68,-1.27,6.23,,0
600183,生益科技,4.31,71.73,3699.62,20.14,5.32,153.4,,0
600184,光电股份,2.04,194.79,106.35,3.11,0.39,18.25,,0
600203,福日电子,4.34,508.89,64.93,3.78,2.24,10.95,,0
600228,返利科技,7.37,-63.24,36.86,10.03,6.62,8.86,,0
600237,铜峰电子,3.12,47.85,53.84,2.75,1.53,8.62,,0
600239,ST云城,1.31,-12.82,22.96,2.09,-1.38,1.43,,0
600271,航天信息,0.48,-15.56,127.66,0.99,-0.43,6.89,,0
600288,大恒科技,5.06,26.74,49.58,2.47,0.35,11.35,,0
600332,白云山,0.47,12.95,287.08,0.85,0.0,20.42,,0
600345,长江通信,4.71,24.94,107.37,3.99,-0.59,50.75,,0
600353,旭光电子,8.98,179.5,303.34,15.89,5.69,36.6,,0
600363,联创光电,4.87,19.24,73.81,1.6,-10.01,16.37,,0
600360,华微电子,5.71,55.2,101.41,2.85,1.54,10.56,,0
600375,汉马科技,1.28,115.71,56.02,1.81,-2.05,3.83,,0
600378,昊华科技,13.95,40.2,568.57,3.66,-0.56,53.01,,0
600391,航发科技,3.17,200.85,113.89,6.36,1.08,34.5,,0
600480,凌云股份,0.69,14.33,100.45,1.25,0.36,8.28,,0
600487,亨通光电,7.78,39.69,1653.27,4.93,-1.92,67.38,,0
600498,烽火通信,8.0,168.59,539.93,3.28,3.11,42.46,,0
600520,三佳科技,12.41,361.79,41.48,10.41,6.81,26.18,,0
600522,中天科技,5.07,32.26,1200.68,3.12,0.4,35.18,,0
600536,中国软件,4.1,1527.54,285.83,8.82,0.33,33.88,,0
600545,卓郎智能,2.75,-15.93,77.95,3.11,1.16,4.36,,0
600552,凯盛科技,5.82,123.76,173.71,4.01,2.85,18.39,,0
600562,国睿科技,1.88,65.77,376.16,5.57,4.56,30.29,,0
600563,法拉电子,1.4,24.11,290.52,4.77,0.6,129.12,,0
600582,天地科技,0.59,18.22,200.72,0.8,-2.41,4.85,,0
600570,恒生电子,1.05,33.83,416.6,4.29,0.14,22.0,,0
600584,长电科技,4.13,69.9,1355.48,4.68,1.09,75.75,,0
600586,金晶科技,1.23,-7.49,60.1,1.24,-2.08,4.24,,0
600588,用友网络,2.53,-25.61,351.61,5.23,0.39,10.29,,0
600589,大位科技,6.6,-76.96,120.64,21.13,3.16,8.16,,0
600602,云赛智联,2.8,127.99,201.65,5.22,0.48,18.77,,0
600601,方正科技,3.54,62.6,533.38,10.41,3.73,12.79,,0
600590,泰豪科技,2.58,168.99,72.46,2.32,2.51,8.59,,0
600658,电子城,1.81,-2.4,45.41,0.91,-0.25,4.06,,0
600691,潞化科技,5.81,-13.93,76.73,2.39,9.86,3.23,,0
600699,均胜电子,1.26,21.73,267.41,1.79,0.79,19.16,,0
600703,三安光电,1.71,-104.06,653.06,1.88,-0.23,13.09,,0
600728,佳都科技,1.01,146.75,101.72,1.29,0.63,4.77,,0
600725,云维股份,1.15,-157.44,42.03,16.4,0.0,3.41,,0
600751,海航科技,0.99,119.01,80.54,1.21,-0.32,3.13,,0
600756,浪潮软件,3.12,-19.51,47.25,2.34,1.11,14.58,,0
600776,东方通信,1.17,29.97,124.76,4.07,0.93,13.05,,0
600792,云煤能源,2.68,-7.81,44.62,1.95,1.52,4.02,,0
600794,保税科技,0.82,-41.99,38.88,1.55,-0.31,3.24,,0
600831,广电网络,2.93,-1.53,24.81,45.54,4.18,3.49,,0
600844,金煤科技,15.03,-52.31,32.25,50.3,2.89,3.92,,0
600845,宝信软件,0.62,38.82,376.66,4.55,0.23,17.65,,0
600846,同济科技,0.36,29.78,74.28,1.72,0.0,11.89,,0
600850,电科数字,0.92,41.39,119.82,2.48,0.41,14.68,,0
600866,星湖科技,1.25,34.11,72.77,0.95,-0.68,4.38,,0
600877,电科芯片,0.79,651.52,146.59,5.88,1.56,12.38,,0
600879,航天电子,3.18,521.2,489.29,2.35,3.85,14.83,,0
600936,北投科技,3.98,-338.52,86.56,8.47,2.37,5.18,,0
600883,博闻科技,4.81,77.19,19.1,1.94,1.13,8.09,,0
600980,北矿科技,1.43,27.79,37.7,2.51,-0.99,19.92,,0
600986,浙文互联,5.41,-69.53,110.96,2.2,4.34,7.46,,0
600990,四创电子,1.75,-13.65,51.62,3.57,1.53,19.19,,0
600996,贵广网络,2.4,-6.86,89.52,6.95,4.97,7.18,,0
601208,东材科技,7.72,129.59,527.21,8.55,1.77,52.19,,0
601008,连云港,0.82,28.84,54.96,1.31,-1.12,4.43,,0
601218,吉鑫科技,1.78,25.52,44.09,1.44,0.44,4.55,,0
601231,环旭电子,1.1,31.76,647.16,2.89,0.37,27.09,,0
601615,明阳智能,1.38,149.19,240.4,0.92,0.28,10.63,,0
601777,千里科技,0.56,285.59,375.7,3.64,0.97,8.31,,0
603002,宏昌电子,7.23,340.45,198.92,5.72,-0.74,17.54,,0
601778,晶科科技,1.87,692.5,136.26,0.83,-1.35,3.66,,0
603004,鼎龙科技,2.95,40.03,11.44,2.18,1.73,19.43,,0
603005,晶方科技,3.49,59.75,201.65,4.36,2.38,30.92,,0
603007,顺景科技,12.14,-30.45,35.24,15.5,-5.59,5.07,,0
603009,北特科技,2.56,129.57,165.44,8.12,3.62,47.76,,0
603011,合锻智能,16.72,-45.29,132.5,7.13,-3.07,26.8,,0
603015,弘讯科技,1.1,114.42,45.56,3.29,0.71,11.27,,0
603025,大豪科技,0.63,18.24,152.84,5.57,0.36,13.78,,0
603032,德新科技,5.34,63.71,46.81,3.95,2.29,20.1,,0
603031,安孚科技,2.07,48.17,133.29,5.28,1.34,40.7,,0
603039,泛微网络,9.44,38.25,129.18,4.82,3.91,41.99,,0
603042,华脉科技,3.14,-131.77,29.77,3.49,1.42,14.26,,0
603052,可川科技,2.57,-299.34,112.95,10.78,3.23,60.11,,0
603068,博通集成,11.19,111.51,59.67,3.34,9.99,39.31,,0
603082,北自科技,21.05,50.82,18.09,4.25,-0.02,44.6,,0
603083,剑桥科技,6.11,146.88,517.0,7.38,-2.45,187.6,,0
603095,越剑智能,5.24,80.47,42.36,1.8,-3.42,16.4,,0
603105,芯能科技,2.62,31.87,38.1,1.84,0.0,7.62,,0
603106,恒银科技,4.1,168.86,41.38,3.14,0.25,7.95,,0
603113,金能科技,7.71,-8.68,51.5,0.68,9.96,6.07,,0
603125,常青科技,0.84,41.53,94.61,3.68,0.6,23.37,,0
603130,云中马,0.85,49.96,54.4,3.81,-0.48,39.56,,0
603135,中重科技,1.79,-1404.98,58.61,1.98,1.86,9.31,,0
603138,海量数据,1.83,-39.44,37.72,5.05,2.59,13.08,,0
603151,邦基科技,3.36,62.62,28.76,2.14,4.87,16.79,,0
603160,汇顶科技,1.86,36.69,241.43,2.59,5.97,51.81,,0
603163,圣晖集成,2.26,49.55,80.41,6.88,-0.92,80.41,,0
603175,超颖电子,3.94,-345.08,42.6,16.21,0.9,93.69,,0
603181,皇马科技,0.67,17.12,77.06,2.13,-0.23,13.09,,0
603192,汇得科技,1.35,48.78,29.26,1.61,3.09,20.99,,0
603197,保隆科技,2.47,18.63,62.82,1.92,-0.7,29.75,,0
603203,快克智能,2.88,95.23,147.75,10.18,2.93,45.29,,0
603212,赛伍技术,1.94,-25.44,50.84,2.12,-1.53,11.62,,0
603206,嘉环科技,0.85,109.27,42.97,1.89,1.66,14.08,,0
603217,元利科技,2.27,26.98,62.74,1.79,0.74,30.15,,0
603220,中贝通信,3.14,244.84,101.32,2.66,1.94,18.89,,0
603228,景旺电子,3.07,81.67,947.54,7.04,2.76,96.49,,0
603227,雪峰科技,0.63,15.68,82.52,1.56,-1.66,7.7,,0
603236,移远通信,5.73,25.81,249.87,3.48,9.99,61.64,,0
603248,锡华科技,2.76,49.97,12.89,3.62,-0.88,18.02,,0
603232,格尔软件,4.8,-48.81,35.53,2.83,-0.45,15.36,,0
603256,宏和科技,2.19,270.17,1298.04,45.26,6.02,147.55,,0
603258,电魂网络,1.53,-12.24,32.07,1.69,4.24,13.29,,0
603261,立航科技,5.19,-23.35,43.51,8.88,-1.51,56.14,,0
603267,鸿远电子,2.6,40.08,114.36,2.5,2.38,49.49,,0
603273,天元智能,5.49,137.79,8.44,3.6,2.17,15.06,,0
603275,众辰科技,1.36,29.64,15.39,1.8,1.09,37.06,,0
603286,日盈电子,5.24,-91.94,53.77,6.76,7.45,46.0,,0
603306,华懋科技,3.71,246.92,257.96,7.25,1.6,78.29,,0
603296,华勤技术,3.02,23.95,651.65,3.85,4.35,81.6,,0
603322,超讯科技,2.27,-73.01,40.91,13.03,2.85,25.96,,0
603324,盛剑科技,2.6,-26.22,39.82,2.44,2.67,27.3,,0
603325,博隆技术,2.17,16.9,19.16,1.63,3.62,56.06,,0
603327,福蓉科技,3.27,70.2,101.83,4.22,0.93,9.74,,0
603328,依顿电子,1.41,35.72,111.73,2.65,2.1,11.19,,0
603337,杰克科技,0.55,20.98,179.01,3.38,1.43,38.33,,0
603339,四方科技,2.72,27.05,46.35,1.69,2.18,14.98,,0
603341,龙旗科技,2.2,41.06,99.87,2.67,1.36,37.35,,0
603358,华达科技,2.86,-818.35,229.59,6.83,10.0,49.72,,0
603376,大明电子,3.98,62.34,8.29,6.05,0.47,25.89,,0
603382,海阳科技,2.41,35.7,22.9,2.0,0.61,19.83,,0
603383,顶点软件,1.29,30.33,59.87,4.13,-0.92,29.15,,0
603386,骏亚科技,1.36,-88.58,47.35,3.58,2.47,14.51,,0
603459,红板科技,27.25,85.32,75.08,15.94,10.0,94.97,,0
603448,天博智能,,22.96,,2.04,0.0,62.65,,0
603488,展鹏科技,1.6,-14.93,24.59,3.23,2.18,8.42,,0
603499,翔港科技,1.64,45.58,54.95,5.76,6.05,12.97,,0
603496,恒为科技,2.25,194.37,76.18,5.42,0.98,23.79,,0
603516,淳中科技,2.69,43.02,194.12,10.71,4.9,95.5,,0
603529,爱玛科技,0.67,12.6,184.45,1.92,1.03,21.68,,0
603528,多伦科技,1.1,-74.97,45.46,2.44,1.1,6.44,,0
603533,掌阅科技,8.78,-149.2,99.15,4.36,9.98,22.59,,0
603551,奥普科技,0.65,13.34,35.91,2.83,-0.53,9.42,,0
603601,再升科技,3.6,257.56,104.75,3.84,1.33,9.17,,0
603602,纵横通信,1.31,-17.2,27.5,3.01,2.15,11.9,,0
603607,京华激光,2.2,37.93,40.47,4.04,1.39,22.67,,0
603610,麒盛科技,1.73,184.12,52.1,1.71,1.17,14.76,,0
603626,科森科技,11.1,444.71,115.3,5.34,7.72,20.78,,0
603636,南威软件,1.81,-7.57,41.21,2.38,2.01,7.1,,0
603629,利通电子,9.71,47.46,440.66,17.0,1.84,122.16,,0
603638,艾迪精密,1.07,34.0,167.42,3.67,1.17,19.01,,0
603655,朗博科技,1.32,73.4,32.91,5.87,-2.39,31.05,,0
603656,泰禾智能,0.77,95.29,32.16,2.42,0.06,17.58,,0
603657,春光科技,3.36,-34.73,33.8,3.99,3.82,25.0,,0
603678,火炬电子,3.6,74.25,223.52,3.47,-0.25,47.0,,0
603668,天马科技,1.72,-24.03,54.63,2.57,2.76,10.8,,0
603679,华体科技,6.35,-32.63,42.04,4.85,-1.91,23.66,,0
603685,晨丰科技,2.41,232.93,53.25,3.35,9.99,26.43,,0
603690,至纯科技,3.9,-9.32,95.78,2.97,-0.04,25.01,,0
603703,盛洋科技,1.75,-85.94,42.78,5.3,0.78,10.31,,0
603738,泰晶科技,9.07,187.97,152.0,8.25,-2.06,39.39,,0
603773,沃格光电,5.4,-94.2,214.52,21.11,0.74,95.48,,0
603778,国晟科技,14.12,-11.49,63.0,27.69,-5.41,9.8,,0
603826,坤彩科技,0.99,405.43,138.5,7.39,0.12,16.26,,0
603861,白云电器,1.06,30.13,61.79,1.58,0.43,11.69,,0
603859,能科科技,3.08,49.39,95.14,2.48,3.85,38.88,,0
603879,永悦科技,3.37,-32.63,19.51,8.21,3.04,5.43,,0
603881,数据港,3.38,157.27,219.65,6.5,1.39,25.48,,0
603890,春秋电子,9.73,36.06,95.06,2.97,3.85,18.86,,0
603895,天永智能,1.03,170.91,29.01,13.97,1.4,26.84,,0
603897,长城科技,7.5,20.11,64.33,2.71,-0.57,31.16,,0
603901,永创智能,1.29,27.16,54.22,1.53,0.95,9.53,,0
603918,金桥信息,3.9,-75.6,42.02,4.33,0.35,11.51,,0
603917,合力科技,2.21,173.21,27.4,1.66,2.83,13.44,,0
603906,龙蟠科技,2.64,46.05,109.17,2.96,-1.02,19.39,,0
603920,世运电路,2.36,72.55,278.51,4.41,2.57,38.65,,0
603929,亚翔集成,1.79,28.87,352.71,14.77,0.38,165.31,,0
603933,睿能科技,1.91,62.57,40.72,3.01,2.99,19.62,,0
603992,松霖科技,1.68,36.37,97.11,2.7,2.86,21.92,,0
603936,博敏电子,6.32,-143.34,115.61,2.78,1.16,18.34,,0
603990,麦迪科技,6.33,387.85,67.73,8.05,1.28,22.19,,0
605178,时空科技,3.04,-33.68,69.61,6.53,1.02,70.26,,0
605118,力鼎光电,1.42,43.84,134.19,8.32,9.99,32.82,,0
605058,澳弘电子,1.59,29.42,40.61,2.29,3.99,28.41,,0
605218,伟时电子,0.78,-75.39,32.37,2.12,0.8,15.21,,0
605186,健麾信息,1.96,111.34,36.58,3.3,4.02,26.9,,0
605180,华生科技,1.72,3938.43,22.51,1.99,2.7,13.32,,0
605258,协和电子,5.86,41.0,27.06,2.26,1.08,30.75,,0
605228,神通科技,1.03,31.86,51.1,2.24,2.39,10.71,,0
605268,王力安防,1.16,33.78,42.91,2.59,2.1,9.74,,0
605277,新亚电子,3.59,26.22,65.19,3.72,0.9,16.88,,0
605298,必得科技,0.32,166.01,91.39,8.74,0.97,49.07,,0
605377,华旺科技,3.04,18.83,46.43,1.18,1.96,8.34,,0
605398,新炬网络,1.26,1405.23,34.19,3.34,1.3,21.01,,0
605588,冠石科技,1.12,-33.91,35.23,3.83,2.58,48.19,,0
688003,天准科技,2.18,85.47,161.38,8.08,2.3,82.85,,0
688006,杭可科技,1.56,54.89,132.08,2.43,-1.31,21.88,,0
688005,容百科技,1.65,-1903.2,183.66,2.36,-2.61,25.7,,0
688004,博汇科技,2.7,-68.34,18.02,3.21,3.4,22.5,,0
688011,新光光电,2.06,-156.8,79.31,7.67,1.24,79.98,,0
688007,光峰科技,0.87,-20.79,48.86,2.07,1.14,10.63,,0
688008,澜起科技,3.92,81.38,2346.19,11.75,-3.78,204.95,,0
688015,交控科技,1.32,19.55,31.19,1.18,3.18,16.53,,0
688019,安集科技,2.85,58.07,545.77,11.18,-1.73,239.0,,0
688018,乐鑫科技,3.65,51.61,294.6,6.26,8.47,125.69,,0
688031,星环科技,8.64,-63.09,135.67,18.1,11.72,112.0,,0
688023,安恒信息,3.56,-103.74,41.07,1.91,1.88,40.2,,0
688021,奥福科技,2.55,45.82,16.15,1.83,1.1,21.13,,0
688041,海光信息,0.81,187.83,5901.49,23.26,3.43,253.9,,0
688039,当虹科技,2.49,-31.7,37.16,3.61,5.53,33.6,,0
688035,德邦科技,6.22,76.26,99.21,4.13,1.53,69.75,,0
688055,龙腾光电,0.29,-46.17,127.0,3.27,1.06,3.81,,0
688051,佳华科技,2.21,-14.25,19.56,3.61,0.12,25.29,,0
688049,炬芯科技,8.93,36.3,80.58,3.8,13.09,45.78,,0
688059,华锐精密,3.1,37.07,117.62,5.78,2.02,89.78,,0
688060,云涌科技,0.56,-96.12,21.67,2.47,1.32,36.0,,0
688061,灿瑞科技,5.39,-93.29,52.19,2.32,5.75,45.43,,0
688067,爱威科技,1.34,50.02,16.25,3.09,2.4,23.9,,0
688063,派能科技,2.72,70.21,105.38,1.13,-2.63,42.95,,0
688071,华依科技,4.7,-62.48,30.52,2.99,7.79,35.99,,0
688072,拓荆科技,1.38,90.59,1916.26,15.5,1.28,677.86,,0
688078,龙软科技,1.71,-24.76,18.13,2.74,4.06,24.87,,0
688083,中望软件,1.22,160.12,89.51,3.43,1.68,52.76,,0
688088,虹软科技,1.51,49.94,123.36,4.5,2.98,30.75,,0
688092,爱科科技,1.08,59.63,19.01,2.91,0.13,23.0,,0
688090,瑞松科技,4.98,201.45,110.15,11.73,-2.62,69.4,,0
688093,世华科技,1.14,19.07,62.61,2.22,2.2,22.33,,0
688095,福昕软件,6.79,118.46,58.13,2.23,2.33,63.63,,0
688100,威胜信息,0.74,22.87,128.87,3.58,1.28,26.21,,0
688103,国力电子,1.8,108.04,71.53,6.33,0.28,75.05,,0
688109,品茗科技,1.47,340.94,58.71,7.61,2.97,74.47,,0
688107,安路科技,1.7,-61.58,125.95,14.49,1.22,31.42,,0
688116,天奈科技,1.88,50.24,123.48,3.24,0.54,33.69,,0
688112,鼎阳科技,1.85,72.15,113.63,7.15,2.37,71.2,,0
688113,联测科技,1.17,24.7,23.43,2.27,1.06,36.38,,0
688125,安达智能,1.19,-158.27,106.8,5.85,4.29,129.92,,0
688118,普元信息,2.16,-233.65,19.41,2.42,2.56,20.8,,0
688129,东来技术,0.86,26.27,26.78,2.52,2.92,22.23,,0
688133,泰坦科技,3.46,-44.08,36.75,1.35,-4.36,22.35,,0
688132,邦彦技术,2.07,-8.51,21.81,1.96,6.46,14.33,,0
688135,利扬芯片,4.4,488.61,64.69,4.05,3.62,27.75,,0
688150,莱特光电,1.99,82.21,166.65,7.7,2.91,41.41,,0
688138,清溢光电,3.5,56.06,119.53,4.17,0.34,37.97,,0
688151,华强科技,0.55,115.28,55.53,1.32,0.56,16.12,,0
688155,先惠技术,3.28,16.37,67.07,2.73,-3.06,52.66,,0
688156,路德科技,2.76,-41.52,19.97,2.59,1.28,19.83,,0
688159,有方科技,6.83,85.11,32.66,3.3,6.83,35.19,,0
688167,炬光科技,6.01,-467.66,377.39,16.6,-1.7,289.99,,0
688169,石头科技,2.6,19.79,330.88,2.28,-0.87,127.48,,0
688162,巨一科技,0.93,39.49,33.59,1.39,-0.16,24.5,,0
688170,德龙激光,4.46,1810.93,57.16,4.69,2.98,55.3,,0
688175,高凌信息,4.15,-496.1,33.02,1.93,5.2,19.64,,0
688171,纬德信息,1.95,3142.55,31.7,3.89,-2.2,27.13,,0
688183,生益电子,3.23,52.57,1079.49,16.58,-1.77,128.88,,0
688182,灿勤科技,1.17,93.74,116.88,5.1,3.14,29.22,,0
688188,柏楚电子,0.52,31.88,401.5,6.33,-0.01,99.0,,0
688190,云路股份,0.68,34.85,87.34,3.26,-0.72,72.78,,0
688206,概伦电子,1.71,-1199.96,194.02,7.04,-0.18,44.44,,0
688195,腾景科技,8.63,423.89,356.53,34.21,8.16,196.88,,0
688208,道通科技,0.89,19.67,174.85,4.68,0.19,26.09,,0
688215,瑞晟智能,1.35,72.58,42.06,8.42,3.47,46.55,,0
688210,统联精密,5.49,-80.97,54.38,4.38,7.15,33.43,,0
688228,开普云,4.55,-165.48,55.81,4.61,6.05,82.62,,0
688216,气派科技,3.37,-754.63,33.6,4.79,4.08,31.63,,0
688220,翱捷科技,2.1,-710.4,430.77,7.37,4.59,102.98,,0
688230,芯导科技,2.35,54.08,71.1,3.1,5.88,60.46,,0
688232,新点软件,0.71,167.81,58.99,1.13,0.77,18.32,,0
688229,博睿数据,1.59,-27.22,28.93,8.47,0.23,65.15,,0
688249,晶合集成,1.3,140.31,778.34,3.72,-0.84,38.77,,0
688239,航宇科技,6.87,46.47,98.87,4.41,6.56,51.79,,0
688248,南网科技,0.69,58.11,233.9,7.06,2.04,41.42,,0
688251,井松智能,2.15,-124.24,20.73,2.57,3.34,20.75,,0
688259,创耀科技,1.37,60.82,35.79,2.27,5.39,32.04,,0
688258,卓易信息,3.72,76.57,121.63,12.26,5.42,100.4,,0
688260,昀冢科技,4.73,-68.35,123.98,88.86,-1.13,103.32,,0
688262,国芯科技,2.39,-38.69,96.57,5.03,2.31,28.74,,0
688279,峰岹科技,2.85,75.37,184.78,4.34,4.13,197.5,,0
688281,华秦科技,1.03,58.35,194.2,4.01,1.84,50.89,,0
688290,景业智能,0.68,-141.09,67.06,5.3,0.52,65.62,,0
688288,鸿泉技术,1.56,-122.76,19.18,2.6,2.78,19.22,,0
688296,和达科技,6.73,-34.2,26.19,4.72,4.45,24.39,,0
688301,奕瑞科技,1.51,42.86,309.08,4.0,4.24,98.62,,0
688299,长阳科技,1.29,-29.73,37.19,1.89,-0.08,12.94,,0
688306,均普智能,0.4,743.74,107.23,6.22,0.46,8.73,,0
688311,盟升电子,1.86,-127.88,41.12,2.34,2.26,23.48,,0
688309,恒誉科技,3.63,58.28,61.84,7.37,6.07,77.88,,0
688320,禾川科技,3.87,-76.64,53.02,4.27,4.96,35.11,,0
688312,燕麦科技,2.89,57.67,70.82,4.77,2.25,48.27,,0
688316,青云科技,3.68,-38.56,22.99,73.73,2.04,47.99,,0
688329,艾隆科技,2.34,136.72,17.74,2.29,4.31,22.98,,0
688327,云从科技,2.9,-27.07,87.91,15.15,2.23,10.53,,0
688335,复洁科技,1.63,-3280.54,30.38,2.73,3.43,20.52,,0
688343,云天励飞,3.35,-46.2,216.34,6.07,7.62,60.16,,0
688350,富淼科技,1.18,920.21,39.99,2.17,-1.24,27.92,,0
688348,昱能科技,1.87,-13.92,48.15,1.48,-5.0,30.81,,0
688352,颀中科技,5.06,-156.29,65.88,3.71,-0.55,17.98,,0
688356,键凯科技,20.46,129.67,55.19,4.25,-16.36,91.0,,0
688355,明志科技,1.19,42.14,22.19,2.09,0.79,17.9,,0
688360,德马科技,0.95,44.13,40.72,2.72,2.12,15.44,,0
688362,甬矽电子,3.81,320.91,291.29,7.6,2.55,64.27,,0
688365,光云科技,5.87,-2766.87,64.41,6.66,1.48,15.11,,0
688372,伟测科技,7.1,61.12,220.91,5.2,6.25,130.72,,0
688370,丛麟科技,0.38,82.47,32.91,1.25,2.08,24.0,,0
688369,致远互联,4.38,-11.26,23.54,3.21,2.46,20.43,致远互联(688369.SH) | 致远互联 21.95 -1.90(-7.97%)最新价格_行情_走势图—东方财富网 | 致远互联 23.85 0.11(0.46%)最新价格_行情_走势图—东方财富网 | 致远互联(688369)相关新闻_证券之星 | 致远互联(sh688369)行情走势,5
688375,国博电子,0.56,114.63,463.46,7.34,1.14,77.76,,0
688376,美埃科技,1.43,86.13,91.7,4.6,-0.76,67.8,,0
688388,嘉元科技,6.23,49.32,198.5,2.38,5.03,30.08,,0
688389,普门科技,0.31,33.33,47.3,2.28,0.45,11.04,,0
688391,钜泉科技,1.61,161.47,30.63,1.66,1.03,26.5,,0
688400,凌云光,2.46,31.95,221.75,2.96,0.77,48.47,,0
688401,路维光电,2.13,49.52,135.25,5.39,2.75,69.95,,0
688409,富创精密,3.1,553.14,626.6,13.53,-0.93,204.63,,0
688418,震有科技,1.95,-42.93,64.14,8.77,4.58,33.31,,0
688420,美腾科技,0.96,-61.39,20.15,1.44,1.33,22.79,,0
688435,英方软件,4.43,-105.55,17.08,2.37,3.01,30.48,,0
688448,磁谷科技,3.7,988.55,66.0,6.43,6.03,67.68,,0
688449,联芸科技,4.0,52.27,201.75,13.02,6.12,68.81,,0
688455,科捷智能,4.09,22.76,28.28,2.72,3.82,16.83,,0
688450,光格科技,4.09,-45.59,16.77,2.44,4.16,34.27,,0
688459,哈铁科技,0.14,51.6,38.35,1.13,-0.62,7.99,,0
688469,芯联集成,1.67,-502.78,514.78,5.51,2.21,8.77,,0
688475,萤石网络,0.42,34.24,230.66,3.92,1.88,29.29,,0
688479,友车科技,5.37,180.97,29.65,3.73,9.87,34.27,,0
688498,源杰科技,2.27,253.89,1883.94,60.75,-0.35,1533.0,,0
688484,南芯科技,1.46,225.66,160.37,3.94,2.41,37.33,,0
688507,索辰科技,9.55,-9672.5,77.75,5.19,4.24,157.92,,0
688511,天微电子,1.02,377.75,30.2,3.69,0.8,22.59,,0
688510,航亚科技,1.51,69.94,64.36,5.29,1.27,24.76,,0
688518,联赢激光,2.62,35.18,73.08,2.21,1.13,21.41,,0
688531,日联科技,2.51,102.53,157.25,6.61,1.33,137.0,,0
688529,豪森智能,1.14,-2.19,26.57,4.01,2.8,15.8,,0
688533,上声电子,0.66,24.93,34.3,1.97,-0.91,20.79,,0
688538,和辉光电,1.21,-15.31,129.43,4.34,-1.75,2.25,,0
688539,高华科技,1.72,-10180.44,44.84,2.64,-0.54,24.12,,0
688545,兴福电子,4.5,124.83,142.52,9.48,1.37,78.2,,0
688557,兰剑智能,1.59,28.13,31.5,2.58,3.16,21.24,,0
688562,航天软件,0.65,-116.25,57.0,3.51,0.49,14.25,,0
688565,力源科技,1.75,168.94,17.46,3.52,3.92,11.66,,0
688567,孚能科技,1.9,-11.5,112.8,1.27,-8.07,9.23,,0
688576,西山科技,2.95,-345.32,13.09,1.63,-3.16,40.51,,0
688579,地纬智能,0.73,250.57,32.36,2.38,2.15,8.09,,0
688583,思看科技,7.97,201.52,39.33,9.51,2.01,91.2,,0
688588,凌志软件,1.54,-121.18,37.01,3.71,-2.87,9.49,,0
688590,新致软件,3.07,-23.29,35.22,2.21,3.39,12.51,,0
688596,正帆科技,7.04,-2699.28,214.11,6.59,0.0,67.4,,0
688595,芯海科技,3.25,-41.4,43.46,6.65,4.69,30.16,,0
688600,皖仪科技,4.92,48.2,40.98,5.14,5.63,30.42,,0
688602,康鹏科技,1.4,-26.62,36.2,1.35,3.11,6.97,,0
688603,天承科技,4.7,133.23,148.62,11.97,5.27,119.16,,0
688608,恒玄科技,2.0,54.51,250.89,3.57,2.32,105.91,,0
688610,埃科光电,2.91,120.39,70.36,7.12,3.73,171.9,,0
688609,九联科技,3.06,-92.77,46.65,4.95,-0.11,9.33,,0
688615,合合信息,4.33,42.09,135.27,6.6,4.11,99.95,,0
688618,三旺通信,1.88,173.74,33.98,4.21,2.93,30.88,,0
688616,西力科技,1.27,19.8,20.36,2.3,2.71,11.35,,0
688623,双元科技,2.73,72.39,20.96,2.38,2.29,59.0,,0
688629,华丰科技,5.59,179.66,628.29,21.72,4.13,136.29,,0
688625,呈和科技,1.78,57.82,148.76,9.64,3.04,57.29,,0
688631,莱斯信息,0.44,135.14,65.4,3.53,0.28,40.01,,0
688638,誉辰智能,2.34,-11.1,8.98,2.57,0.71,33.93,,0
688646,逸飞激光,1.75,-82.13,43.9,4.78,0.29,72.28,,0
688648,中邮科技,3.14,-49.4,23.08,2.12,0.7,33.19,,0
688657,浩辰软件,2.73,68.75,19.92,2.28,3.63,33.37,,0
688653,康希通信,4.01,711.1,45.69,4.18,2.41,14.44,,0
688659,元琛科技,2.01,-28.81,16.85,3.4,0.48,10.53,,0
688662,富信科技,6.82,252.31,103.8,14.44,0.35,90.49,,0
688665,四方光电,0.67,35.89,46.24,3.8,1.96,45.7,,0
688668,鼎通科技,2.99,119.48,369.07,17.58,2.46,265.0,,0
688683,莱尔科技,0.63,103.39,48.57,4.02,1.01,30.15,,0
688687,凯因科技,1.47,308.02,30.68,1.8,-1.75,17.95,,0
688676,金盘科技,3.15,43.94,306.36,6.0,0.79,66.63,,0
688696,极米科技,2.84,38.29,52.83,1.8,8.86,75.45,,0
688690,纳微科技,3.33,70.39,147.47,7.09,-5.68,36.52,,0
688692,达梦数据,1.87,45.96,160.44,6.32,0.37,216.33,,0
688702,盛科通信,3.71,-1111.8,791.67,71.05,6.82,390.0,,0
688699,明微电子,3.35,93.84,69.33,5.41,2.84,62.99,,0
688700,东威科技,5.45,107.12,190.2,10.13,7.69,63.74,,0
688711,宏微科技,3.66,306.78,55.6,5.24,-1.31,25.65,,0
688737,中自科技,1.35,-19.32,21.25,1.24,-0.78,17.77,,0
688708,佳驰科技,0.79,41.79,58.7,4.86,0.93,41.12,,0
688758,赛分科技,4.01,63.11,82.92,8.34,2.7,27.81,,0
688776,国光电气,1.03,-33.22,52.86,3.16,1.44,48.77,,0
688755,汉邦科技,1.01,41.27,21.97,2.45,0.55,27.51,,0
688777,中控技术,3.45,319.14,769.96,7.85,6.15,97.81,,0
688788,科思科技,2.92,-19.52,69.98,4.23,7.1,31.97,,0
688781,视涯科技,6.43,-287.12,16.76,10.12,6.24,41.05,,0
688797,臻宝科技,7.41,189.87,88.47,16.08,-0.51,303.05,,0
688798,艾为电子,7.81,62.17,92.44,3.78,8.94,68.1,,0
688801,燧原科技,,-0.0,,0.0,0.0,0.0,,0
688835,高凯技术,22.97,154.44,53.53,12.76,5.94,285.0,,0
688825,长鑫科技,7.94,48.13,2612.21,19.59,-1.01,58.01,,0
688826,频准激光,20.7,192.05,64.69,14.78,-5.74,849.2,,0
688836,宇树科技,15.68,391.08,169.97,25.97,-3.44,564.9,,0
